file_name,file_timestamp,query,query_group,pipeline_chunking,pipeline_representation,k,retrieval_mode,timeaware,answer_is_idk,answer_length,answer,retrieved_min_date,retrieved_max_date,retrieved_span_days,retrieved_items_with_date
cli_single_timeaware_evo_20260104_205322.json,2026-01-04 20:53:22,Has the official position of Congress in the last quarter of 2023 changed relative to the official position in the last quarter of 2025 regarding Israel?,single,fixed,bm25,3,evolution,True,False,3022,"1) EARLY summary
- In early 2023, the UK Government emphasized Israel's right to self-defense while also calling for compliance with international humanitarian law, particularly in the context of the situation in Gaza [E1].
- There was a clear stance that Hamas was responsible for the violence and that a ceasefire was implausible due to their intentions [E2].
- The UK Government expressed concern for the civilian population in Gaza and called for humanitarian pauses to allow aid delivery [E1].
- The Labour party supported Palestinian recognition and emphasized that statehood is an inalienable right of the Palestinian people [E2].

2) LATE summary
- By late 2025, the UK Government had adopted a more critical stance towards Israel, supporting the International Court of Justice's provisional measures and emphasizing the need for Israel to lift restrictions on aid and protect civilians [L2].
- The Government acknowledged the risk of genocide in Gaza and expressed a commitment to uphold international law obligations, indicating a shift towards a more humanitarian-focused approach [L2].
- There was a clear call for action to prevent genocide and ensure respect for international humanitarian law, reflecting a more urgent tone in addressing the humanitarian crisis [L2].
- The UK Government's position included a commitment to work with allies to pressure Israel to change its course, indicating a more proactive diplomatic approach [L2].

3) What changed
- The UK Government's rhetoric shifted from a strong emphasis on Israel's right to self-defense to a more balanced approach that includes accountability for humanitarian violations [E1] → [L2].
- There was a transition from viewing Hamas solely as the aggressor to recognizing the humanitarian crisis in Gaza and the implications of Israeli actions [E2] → [L2].
- The Government began to support the International Court of Justice's measures, indicating a willingness to engage with international legal frameworks regarding the conflict [L2].
- The tone of the Government's statements evolved from a focus on military and security concerns to a greater emphasis on humanitarian needs and the protection of civilians [E1] → [L2].
- The call for a ceasefire shifted to advocating for humanitarian pauses, reflecting a change in strategy to address immediate humanitarian needs while still navigating complex political realities [E1] → [L2].

4) Evidence highlights
- ""Israel must comply with the ICJ’s orders in full"" → [E1]
- ""Hamas can play no role in the future of the governance of Gaza"" → [E3]
- ""We support the ICJ. We support its independence"" → [L2]
- ""The devastation from this conflict must end"" → [L2]
- ""We will work urgently with our allies and partners on further pressure to make Israel change course"" → [L2]

5) Confidence
High - The analysis is based on clear and contrasting statements from the early and late windows, demonstrating a significant evolution in the UK Government's position on Israel and the humanitarian situation in Gaza.",2023-12-11,2025-07-10,577,6
cli_single_timeaware_evo_20260104_205322.json,2026-01-04 20:53:22,Has the official position of Congress in the last quarter of 2023 changed relative to the official position in the last quarter of 2025 regarding Israel?,single,fixed,bm25,5,evolution,True,False,2984,"1) EARLY summary
- In early 2023, the UK Government emphasized Israel's right to self-defense while also calling for compliance with international humanitarian law, particularly regarding civilian protection in Gaza [E1].
- There was a clear stance against a ceasefire, as the Government believed Hamas would not agree to one, framing the situation as one where Israel must act against Hamas for its security [E2].
- The Labour party expressed support for Palestinian recognition and urged the Government to adopt a more proactive stance in recognizing Palestine as a state [E2].
- The Government's position was characterized by a focus on humanitarian pauses rather than a full ceasefire, reflecting a cautious approach to the conflict [E4].

2) LATE summary
- By late 2025, the UK Government's position had shifted to supporting the International Court of Justice's provisional measures regarding Israel, indicating a more critical stance towards Israeli actions in Gaza [L3].
- The Government acknowledged the potential for genocide in Gaza and emphasized the need for Israel to lift restrictions on aid and protect civilians, marking a significant change in rhetoric [L3].
- There was a stronger call for accountability regarding Israel's actions, with the UK Government expressing a commitment to uphold international law and humanitarian principles more assertively [L3].
- The Government's approach included a recognition of the humanitarian crisis in Gaza, with a focus on restoring aid and addressing the dire conditions faced by civilians [L3].

3) What changed
- The UK Government's rhetoric evolved from a strong emphasis on Israel's right to self-defense to a more balanced approach that included calls for accountability and humanitarian considerations [E1, L3].
- There was a noticeable shift from opposing ceasefires to recognizing the humanitarian crisis and advocating for measures to alleviate suffering in Gaza [E4, L3].
- The Government began to support the ICJ's authority and its provisional measures, indicating a willingness to hold Israel accountable for its actions [L3].
- The framing of the conflict transitioned from a purely security-focused narrative to one that included human rights and humanitarian law as central themes [E2, L3].
- The Labour party's push for Palestinian recognition gained traction, reflecting a broader acceptance of the need for a political solution that includes Palestinian statehood [E2, L2].

4) Evidence highlights
- ""Israel must comply with the ICJ’s orders in full"" → [E1]
- ""Calls for a ceasefire on its own will simply not work"" → [E2]
- ""We support the ICJ. We support its independence"" → [L3]
- ""The devastation from this conflict must end"" → [L3]
- ""Israel has an obligation to implement them"" → [L3]

5) Confidence
High - The analysis is based on clear and contrasting evidence from the early and late windows, demonstrating a significant evolution in the UK Government's stance on Israel and the situation in Gaza.",2023-06-29,2025-09-02,796,10
cli_single_timeaware_evo_20260104_205322.json,2026-01-04 20:53:22,Has the official position of Congress in the last quarter of 2023 changed relative to the official position in the last quarter of 2025 regarding Israel?,single,fixed,bm25,10,evolution,True,False,3131,"1) EARLY summary (2–4 bullet points)
- In early 2023, the UK government emphasized Israel's right to self-defense while also calling for humanitarian pauses to allow aid into Gaza and protect civilians [E1], [E4].
- The government maintained a strong stance against Hamas, asserting that it could not be part of any future governance in Gaza and that calls for a ceasefire were implausible due to Hamas's intentions [E2], [E4].
- There was a recognition of the need for international humanitarian law to be respected, with calls for Israel to limit its military operations to avoid civilian casualties [E1], [E4].
- The UK government expressed a commitment to a two-state solution while also facing pressure to recognize Palestinian statehood [E2], [E3].

2) LATE summary (2–4 bullet points)
- By late 2025, the UK government had shifted to a more critical stance regarding Israel's actions, particularly in light of accusations of potential genocide in Gaza and the humanitarian crisis resulting from the blockade [L3], [L4].
- The government began to support the International Court of Justice's provisional measures regarding Israel, indicating a willingness to hold Israel accountable for its actions [L3].
- There was a stronger emphasis on the need for Israel to lift restrictions on aid and to protect civilians, reflecting a growing concern over the humanitarian situation [L3], [L4].
- The UK government acknowledged the need for a more proactive approach to prevent genocide and ensure compliance with international humanitarian law, indicating a significant policy shift [L3], [L4].

3) What changed
- The UK government's rhetoric evolved from a primarily supportive stance of Israel's right to self-defense to a more critical view of Israel's military actions and their humanitarian impact.
- There was a notable shift from advocating for humanitarian pauses to explicitly calling for the lifting of aid restrictions and addressing the humanitarian crisis in Gaza [L3], [L4].
- The government began to align more closely with international legal frameworks, supporting the ICJ's measures and acknowledging the potential for genocide, which was not a focus in early 2023 [L3].
- The emphasis on Palestinian recognition and statehood gained traction, reflecting a response to the changing dynamics of the conflict and international pressure [L2], [L3].

4) Evidence highlights (claim → citations)
- The UK government called for humanitarian pauses to protect civilians and allow aid into Gaza [E1], [E4].
- By late 2025, the government supported the ICJ's provisional measures regarding Israel, indicating a shift towards accountability [L3].
- The government acknowledged the potential for genocide in Gaza and emphasized the need for compliance with international humanitarian law [L3], [L4].
- There was a growing emphasis on the humanitarian crisis and the need for Israel to lift restrictions on aid [L3], [L4].

5) Confidence (High) 
The analysis is based on clear and contrasting evidence from the early and late windows, demonstrating a significant evolution in the UK government's stance on Israel and Palestine.",2023-06-29,2025-09-15,809,20
cli_single_timeaware_evo_20260104_205322.json,2026-01-04 20:53:22,Has the official position of Congress in the last quarter of 2023 changed relative to the official position in the last quarter of 2025 regarding Israel?,single,fixed,dense,3,evolution,True,False,3144,"1) EARLY summary
- In late 2023, there was a strong condemnation of Hamas and a clear support for Israel's right to defend itself amidst the ongoing conflict, with calls for accountability and humanitarian considerations for Palestinian civilians [E1].
- The rhetoric emphasized the need for Israel to take urgent steps to protect civilian lives in Gaza, highlighting the humanitarian crisis and the high civilian death toll [E1].
- There was a recognition of the complexities of the conflict, including the need for international law to be respected by all parties involved [E1].
- The position reflected a balance between supporting Israel and acknowledging the humanitarian needs of Palestinians, with calls for aid and a comprehensive humanitarian pause [E1].

2) LATE summary
- By mid-2025, the rhetoric had shifted towards a more critical stance on the Israeli government's actions, particularly regarding its military operations and treatment of Palestinians [L2].
- There was an increased emphasis on holding Israel accountable for its actions, with discussions of sanctions against violent settlers and a potential recognition of Palestine if Israel did not meet certain conditions [L2].
- The language used indicated a growing frustration with the Israeli government's approach, labeling it as a ""rogue ally"" and a ""danger to peace"" in the Middle East [L2].
- The focus had shifted from a primarily supportive stance to one that demanded accountability and a reevaluation of the U.S.-Israel relationship based on Israel's actions [L2].

3) What changed
- The early position was characterized by strong support for Israel's right to defend itself, while the late position began to question the legitimacy of Israel's actions and its status as an ally [E1, L2].
- There was a notable shift from a balanced approach that included humanitarian concerns for Palestinians to a more critical view of Israel's military operations and governance [E1, L2].
- The late position introduced the idea of sanctions and potential recognition of Palestine, indicating a willingness to take concrete actions against Israel's policies [L2].
- The language evolved from calls for humanitarian pauses to demands for accountability and a reevaluation of the U.S.-Israel relationship based on Israel's conduct [E1, L2].
- Overall, the late position reflects a significant shift towards a more critical and less supportive stance regarding Israel's actions in the conflict.

4) Evidence highlights
- ""Every civilian death is an equal tragedy... Israel must make changes to how it is fighting this war"" → [E1].
- ""We have taken far-reaching actions, with three waves of sanctions targeted in particular on violent settlers"" → [L2].
- ""This Israeli Government have proven themselves to be a rogue ally to us and a dangerous neighbour"" → [L2].
- ""We will recognize a state of Palestine before the United Nations General Assembly if Israel failed to meet certain conditions"" → [L2].

5) Confidence
High - The evidence clearly shows a transition from a supportive stance towards Israel to a more critical and demanding position regarding its actions and policies.",2023-10-25,2025-09-10,686,6
cli_single_timeaware_evo_20260104_205322.json,2026-01-04 20:53:22,Has the official position of Congress in the last quarter of 2023 changed relative to the official position in the last quarter of 2025 regarding Israel?,single,fixed,dense,5,evolution,True,False,3179,"1) EARLY summary
- In late 2023, Congress expressed deep concern over the humanitarian crisis in Gaza, highlighting the high civilian death toll and calling for Israel to take urgent steps to protect civilians during its military operations [E1].
- There was a strong condemnation of Hamas as terrorists, with calls for accountability and recognition of the need for a humanitarian pause to alleviate suffering in Gaza [E1].
- Members of Congress emphasized the importance of adhering to international law and the need for a balanced approach to the conflict, recognizing the suffering of both Israelis and Palestinians [E1].
- The rhetoric included a mix of support for Israel's right to defend itself while also advocating for the protection of Palestinian civilians and humanitarian aid [E1].

2) LATE summary
- By mid-2025, Congress's position had shifted towards a more critical stance on Israel's actions, with calls for sanctions against Israeli officials and recognition of Palestinian statehood gaining traction [L2].
- There was a growing acknowledgment of the humanitarian crisis in Gaza, with some members labeling the situation as genocidal and demanding immediate action to lift the blockade and provide aid [L2].
- The rhetoric included a stronger condemnation of the Israeli government's actions, with some members questioning the nature of the U.S.-Israel alliance and calling for accountability for violations of international law [L3].
- The discourse reflected a significant shift towards advocating for Palestinian rights and statehood, indicating a more balanced approach compared to the earlier support for Israel's military actions [L2].

3) What changed
- The focus shifted from primarily supporting Israel's right to defend itself to a more nuanced critique of its military actions and their humanitarian impact on Palestinians [E1, L2].
- There was an increase in calls for sanctions against Israel and recognition of Palestinian statehood, reflecting a growing concern for Palestinian rights [L2].
- The language used by Congress members became more critical of the Israeli government, with some labeling its actions as genocidal and demanding accountability [L3].
- The humanitarian crisis in Gaza was increasingly framed as a pressing issue requiring immediate international intervention, contrasting with earlier calls for a humanitarian pause [E1, L2].
- Overall, the evolution in stance indicates a shift from a predominantly pro-Israel narrative to a more balanced approach that considers the rights and suffering of both Israelis and Palestinians [L2].

4) Evidence highlights
- ""Every civilian death is an equal tragedy"" → [E1]
- ""Gaza is in a humanitarian catastrophe"" → [E1]
- ""The Government must respect whatever determination the ICJ reaches regarding genocide"" → [L2]
- ""We call on the Government to sanction Israeli officials until the blockade is lifted"" → [L2]
- ""The Israeli Government have proven themselves to be a rogue ally"" → [L3]

5) Confidence
High - The evidence clearly shows a significant evolution in Congress's stance on Israel and Palestine from late 2023 to mid-2025, with distinct changes in rhetoric and policy focus.",2023-10-20,2025-09-10,691,10
cli_single_timeaware_evo_20260104_205322.json,2026-01-04 20:53:22,Has the official position of Congress in the last quarter of 2023 changed relative to the official position in the last quarter of 2025 regarding Israel?,single,fixed,dense,10,evolution,True,False,2922,"1) EARLY summary
- In the last quarter of 2023, Congress expressed strong support for Israel, condemning Hamas for its attacks and emphasizing Israel's right to defend itself against terrorism [E6].
- There was a clear alignment with Israel's military actions, with Congress framing the conflict in terms of a fight against barbarism and terrorism [E7].
- Discussions around Palestinian statehood were cautious, with a focus on the need for a two-state solution but no immediate recognition of Palestine [E1].
- The rhetoric was heavily pro-Israel, with little mention of humanitarian concerns for Palestinians amidst the ongoing conflict [E5].

2) LATE summary
- By the last quarter of 2025, Congress's stance had shifted significantly, with increased calls for accountability regarding Israel's actions in Gaza and recognition of Palestinian statehood becoming more prominent [L1].
- There was a growing acknowledgment of humanitarian crises in Gaza, with demands for aid and a ceasefire being voiced more forcefully [L3].
- The rhetoric included criticism of the Israeli government, labeling it as a ""rogue state"" and calling for sanctions against Israeli officials for their actions [L4].
- The emphasis on a two-state solution remained, but there was a stronger push for immediate recognition of Palestine as a necessary step towards peace [L2].

3) What changed
- The tone shifted from unequivocal support for Israel to a more balanced approach that included criticism of Israeli actions and recognition of Palestinian suffering.
- Calls for humanitarian aid and ceasefires became more urgent and frequent, reflecting a growing concern for the humanitarian situation in Gaza.
- The recognition of Palestinian statehood transitioned from a distant goal to an immediate demand, indicating a significant policy shift.
- The framing of Israel's actions evolved from a focus on self-defense to a critique of its government as a violator of international law, suggesting a reevaluation of the U.S.-Israel relationship.
- Overall, there was a noticeable increase in bipartisan calls for accountability and a reevaluation of U.S. support for Israel in light of its military actions.

4) Evidence highlights
- ""I stand firm in my support for our ally, Israel, and the Jewish community amidst the ongoing conflict"" → [E6].
- ""The UK firmly supports Israel’s right to defend itself and its citizens against terrorism"" → [E1].
- ""We are concerned at the expansion of the Government of Israel’s war aims and operations in the west bank"" → [L2].
- ""The continuing blockade of Gaza... constitutes a clear violation of international law"" → [L3].
- ""We will continue to keep all measures under review, as he would expect"" → [L4].

5) Confidence
High - The evidence clearly shows a transition in Congressional rhetoric and policy regarding Israel and Palestine from 2023 to 2025, with specific references to changes in tone and focus.",2023-07-18,2025-09-10,785,20
cli_single_timeaware_evo_20260104_205322.json,2026-01-04 20:53:22,Has the official position of Congress in the last quarter of 2023 changed relative to the official position in the last quarter of 2025 regarding Israel?,single,semantic,bm25,3,evolution,True,False,1981,"1) EARLY summary
- The official position of Congress in late 2023 reflects a cautious approach towards Israel, with limited visits from Conservative Members and an emphasis on humanitarian protection by IDF forces [E1].
- There is a focus on legislative processes and updates regarding costs, indicating a procedural rather than a policy-driven discussion [E2].
- The discourse does not prominently feature strong stances or rhetoric regarding Israel, suggesting a more reserved position at this time [E3].

2) LATE summary
- By late 2025, there is no direct evidence in the retrieved chunks indicating a change in the official position of Congress regarding Israel.
- The discussions seem to focus on other legislative matters, such as Northern Ireland and community issues, without specific reference to Israel [L1], [L2], [L3].
- The absence of any mention of Israel in the late window suggests a potential shift away from prioritizing Israel in congressional discussions.

3) What changed
- The early window shows a cautious engagement with Israel, while the late window lacks any mention of Israel, indicating a possible deprioritization of the issue.
- The focus in the late window has shifted to other domestic issues, suggesting that Israel may not be a central concern for Congress at that time.
- The lack of strong rhetoric or policy statements regarding Israel in the late window contrasts with the more cautious engagement seen in the early window.

4) Evidence highlights
- Cautious engagement with Israel and emphasis on humanitarian protection by IDF forces → [E1]
- Focus on legislative updates rather than strong policy statements regarding Israel → [E2]
- No mention of Israel in late discussions, indicating a shift in focus → [L1], [L2], [L3]

5) Confidence
Medium - The analysis is based on the available evidence, but the lack of explicit references to Israel in the late window limits the ability to draw definitive conclusions about the change in position.",2023-06-29,2025-07-22,754,6
cli_single_timeaware_evo_20260104_205322.json,2026-01-04 20:53:22,Has the official position of Congress in the last quarter of 2023 changed relative to the official position in the last quarter of 2025 regarding Israel?,single,semantic,bm25,5,evolution,True,True,2041,"1) EARLY summary
- In early 2023, there was a strong emphasis on compliance with international law regarding the situation in Gaza, with calls for Israel to respect the International Court of Justice's (ICJ) orders and for Hamas to release hostages [E1].
- The UK government and opposition expressed a unified stance on the need for humanitarian protection and compliance with international legal frameworks [E2].
- There was a focus on the humanitarian aspects of the conflict, advocating for a truce and sustainable ceasefire [E1].

2) LATE summary
- By late 2025, there is no specific mention of the UK government's position on Israel or the situation in Gaza, indicating a potential shift in focus away from direct involvement in the conflict [L1-L5].
- The discussions seem to have moved towards other domestic issues, such as employment and community support, rather than international relations or humanitarian concerns regarding Israel [L2-L5].
- There is a lack of explicit references to international law or the ICJ in the late period, suggesting a possible decrease in emphasis on these legal frameworks in relation to Israel [L1-L5].

3) What changed
- The early focus on international law and compliance with the ICJ's orders regarding Israel has diminished by late 2025, with no references to these issues in the retrieved chunks.
- The rhetoric surrounding humanitarian concerns has shifted towards domestic issues, indicating a change in priorities for Congress.
- The unified stance on Israel's actions and the need for humanitarian protection has become less prominent, suggesting a potential shift in the political landscape or public interest.

4) Evidence highlights
- Early emphasis on compliance with international law and humanitarian truce → [E1], [E2].
- Late absence of discussions on Israel or international law → [L1-L5].

5) Confidence
Medium - The analysis is based on the retrieved chunks, but the lack of explicit references in the late period makes it difficult to ascertain the full context of the changes.",2023-06-29,2025-10-22,846,10
cli_single_timeaware_evo_20260104_205322.json,2026-01-04 20:53:22,Has the official position of Congress in the last quarter of 2023 changed relative to the official position in the last quarter of 2025 regarding Israel?,single,semantic,bm25,10,evolution,True,True,2384,"1) EARLY summary
- In the early window, there is a clear concern regarding the humanitarian situation in Gaza, with calls for humanitarian pauses and compliance with international law [E5].
- The Labour Party emphasizes the need for Israel to comply with the International Court of Justice's orders, indicating a push for accountability [E2].
- There is a focus on the protection of minority populations in Jerusalem, highlighting the Church of England's concerns about the rule of law in Israel [E4].
- The overall tone suggests a critical stance towards Israel's actions and a demand for adherence to international norms [E2][E4].

2) LATE summary
- In the late window, there is a noticeable shift towards a more supportive stance regarding Israel, with less emphasis on criticism and more on cooperation [L1].
- The discussions seem to focus on broader issues, such as economic growth and domestic policies, rather than the humanitarian crisis in Gaza [L6].
- There is no mention of the International Court of Justice or calls for Israel to comply with its orders, indicating a potential softening of the previous critical stance [L1][L6].
- The rhetoric appears to prioritize national interests and economic discussions over international humanitarian concerns [L6].

3) What changed
- The official position shifted from a critical stance on Israel's actions and a demand for compliance with international law to a more supportive and cooperative tone.
- The focus on humanitarian issues in Gaza diminished, with less emphasis on the need for humanitarian pauses or compliance with international rulings.
- Economic and domestic policy discussions took precedence over foreign policy critiques, indicating a potential realignment of priorities within Congress.
- The Labour Party's previous strong stance on accountability for Israel appears to have softened, reflecting a change in the political landscape or strategy.

4) Evidence highlights
- Concern for humanitarian pauses and compliance with international law → [E5], [E2]
- Emphasis on the rule of law and minority protections in Jerusalem → [E4]
- Shift to supportive rhetoric regarding Israel and focus on domestic issues → [L1], [L6]

5) Confidence
Medium - The analysis is based on the retrieved chunks, but the context does not provide a comprehensive view of the entire political landscape or all relevant statements.",2023-06-29,2025-10-22,846,20
cli_single_timeaware_evo_20260104_205322.json,2026-01-04 20:53:22,Has the official position of Congress in the last quarter of 2023 changed relative to the official position in the last quarter of 2025 regarding Israel?,single,semantic,dense,3,evolution,True,False,1919,"1) EARLY summary
- Congress expressed strong support for Israel's right to exist and condemned Hamas as a terrorist organization [E1].
- There was a commitment to ensuring Israeli security as critical to U.S. national security, emphasizing bilateral defense and intelligence cooperation [E3].
- Members of Congress were actively involved in supporting measures for Israel's defense and the release of hostages taken by Hamas [E2].

2) LATE summary
- Congress continued to condemn Hamas for its attacks on Israel and demanded the release of hostages, indicating a sustained position against Hamas [L1].
- There was a focus on legislative measures aimed at oversight of security assistance and a broader strategy for international security [L2].
- A shift was noted in the rhetoric regarding the Israeli government, with calls for sanctions and a review of the relationship due to concerns about reliability as a partner [L3].

3) What changed
- The rhetoric shifted from unequivocal support for Israel to a more critical stance regarding the Israeli government's actions and reliability as a partner [L3].
- While condemnation of Hamas remained consistent, the late period introduced a more complex view of Israel's role and actions in the region [L3].
- The focus on legislative oversight and strategic partnerships in the late period suggests a move towards a more nuanced approach to U.S.-Israel relations [L2].

4) Evidence highlights
- Strong support for Israel and condemnation of Hamas → [E1], [E2].
- Emphasis on Israeli security as critical to U.S. national security → [E3].
- Continued condemnation of Hamas and demand for hostages' release → [L1], [L2].
- Introduction of sanctions and a critical view of the Israeli government → [L3].

5) Confidence: Medium. The evidence indicates a clear shift in rhetoric and policy focus, but the nuances of the changes may require further context for full understanding.",2023-07-25,2025-09-02,770,6
cli_single_timeaware_evo_20260104_205322.json,2026-01-04 20:53:22,Has the official position of Congress in the last quarter of 2023 changed relative to the official position in the last quarter of 2025 regarding Israel?,single,semantic,dense,5,evolution,True,True,1983,"1) EARLY summary
- Congress expressed strong support for Israel, reaffirming its right to exist and condemning Hamas as a terrorist organization [E1], [E2].
- There was a commitment to ensuring Israel's security and defense capabilities, highlighting the importance of the U.S.-Israel relationship [E4], [E5].
- Bipartisan support for Israel was emphasized as vital for U.S. national security and counter-terrorism efforts [E5].

2) LATE summary
- Congress continued to condemn Hamas for its attacks on Israel and demanded the release of hostages, maintaining a strong stance against terrorism [L1], [L2].
- There were indications of a shift in the approach towards Israel, with discussions about oversight of security assistance and criticism of the Israeli government's actions [L3], [L4].
- The rhetoric included a call for a two-state solution that ensures safety and security for both Israelis and Palestinians, suggesting a more nuanced position [L4].

3) What changed
- While the early position was unequivocally supportive of Israel, the late position introduced elements of oversight and criticism of Israeli government actions, indicating a more complex stance [L3], [L4].
- The late position reflects a growing concern for Palestinian safety and a push for a two-state solution, which was less emphasized in the early position [L4].
- The bipartisan consensus on unconditional support for Israel appears to be evolving towards a more conditional support based on actions taken by the Israeli government [L3], [L4].

4) Evidence highlights
- Strong support for Israel and condemnation of Hamas → [E1], [E2].
- Emphasis on U.S.-Israel relationship for national security → [E4], [E5].
- Demand for oversight and criticism of Israeli actions → [L3], [L4].
- Advocacy for a two-state solution → [L4].

5) Confidence
Medium - The evidence indicates a shift in rhetoric and policy, but the extent and implications of this change are not fully clear based on the retrieved chunks.",2023-07-25,2025-09-08,776,10
cli_single_timeaware_evo_20260104_205322.json,2026-01-04 20:53:22,Has the official position of Congress in the last quarter of 2023 changed relative to the official position in the last quarter of 2025 regarding Israel?,single,semantic,dense,10,evolution,True,False,2245,"1) EARLY summary
- Congress expressed strong support for Israel, reaffirming its right to exist and condemning Hamas for its actions [E1], [E3].
- There was a bipartisan consensus on the importance of Israeli security to U.S. national security, with calls for additional appropriations to support Israel [E7], [E8].
- Members of Congress emphasized the need for the release of hostages taken by Hamas and condemned the group's actions as terrorism [E1], [E4].

2) LATE summary
- By late 2025, Congress's stance had shifted to include criticism of the Israeli government's actions, particularly regarding humanitarian issues in Gaza and the West Bank [L3], [L4].
- There was a notable call for congressional oversight of security assistance to Israel, indicating a more cautious approach to U.S. support [L1], [L2].
- Discussions included the potential recognition of a Palestinian state if Israel did not meet certain conditions, reflecting a significant change in the dialogue surrounding the Israeli-Palestinian conflict [L8], [L10].

3) What changed
- The tone of Congress shifted from unequivocal support for Israel to a more critical stance regarding its government’s actions and policies [L3], [L4].
- There was an introduction of oversight measures for U.S. security assistance to Israel, indicating a demand for accountability [L1], [L2].
- The dialogue expanded to include the recognition of a Palestinian state, suggesting a willingness to engage with Palestinian issues more seriously than before [L8], [L10].
- The bipartisan consensus that once characterized support for Israel began to show signs of division, particularly regarding humanitarian concerns [L3], [L4].

4) Evidence highlights
- Strong support for Israel and condemnation of Hamas → [E1], [E3], [E7], [E8].
- Shift to criticism of Israeli government actions and humanitarian issues → [L3], [L4].
- Introduction of congressional oversight for security assistance → [L1], [L2].
- Discussion of recognizing a Palestinian state based on Israeli actions → [L8], [L10].

5) Confidence
High - The evidence clearly shows a transition from strong support for Israel to a more critical and nuanced approach regarding its government and the broader Israeli-Palestinian conflict.",2023-07-25,2025-10-29,827,20
cli_single_timeaware_evo_20260104_205643.json,2026-01-04 20:56:43,Has the official position of Parliament in the last quarter of 2023 changed relative to the official position in the last quarter of 2025 regarding Israel?,single,fixed,bm25,3,evolution,True,False,3259,"1) EARLY summary
- In early 2023, the UK Parliament expressed deep concern over the humanitarian situation in Gaza and called for Israel to comply with international law and the International Court of Justice's orders regarding hostages and humanitarian aid [E1].
- There was a strong emphasis on the need for Israel to limit its military operations to avoid civilian casualties, indicating a critical stance towards Israel's actions in Gaza [E1].
- The government acknowledged the importance of international humanitarian law and the protection of civilians, suggesting a more balanced approach to the Israel-Palestine conflict [E1].
- The opposition criticized the government's response to the humanitarian crisis, highlighting public outrage over the situation in Gaza and the perceived inadequacy of the UK’s stance [E2].

2) LATE summary
- By late 2025, the UK government had implemented sanctions against illegal settler outposts in the West Bank, indicating a shift towards a more proactive stance against actions deemed illegal under international law [L1].
- The government maintained its support for Israel's right to defend itself but emphasized that this must be in accordance with international humanitarian law, suggesting a nuanced position [L1].
- There was a clear rejection of calls for a ceasefire, with the government advocating for ""humanitarian pauses"" instead, reflecting a more cautious approach to conflict resolution [L2].
- The government faced criticism for its perceived inaction regarding the humanitarian crisis, with calls for more decisive measures to address the situation in Gaza [L2].

3) What changed
- The early position was more focused on calling for compliance with international law and humanitarian concerns, while the late position included specific sanctions against illegal settlements, indicating a shift towards enforcement of international norms [E1, L1].
- The late position showed a stronger emphasis on Israel's right to self-defense, which was less pronounced in the early statements, reflecting a potential alignment with Israeli government perspectives [L1].
- The government moved from a more critical stance towards Israel's military actions to a position that still supports Israel but insists on adherence to international law, indicating a balancing act between support and accountability [E1, L1].
- The late position included a rejection of ceasefire calls, which contrasts with the earlier calls for humanitarian pauses, suggesting a shift in strategy regarding conflict resolution [L2].

4) Evidence highlights
- ""We are deeply concerned about the impact of what is happening on the civilian population in Gaza"" → [E1].
- ""We call for an immediate pause that will allow aid to get in and hostages to come out"" → [E1].
- ""I announced new sanctions targeting three illegal settler outposts"" → [L1].
- ""We have made it clear that Israel has every right to defend itself, but that it must abide by international humanitarian law"" → [L1].
- ""A ceasefire is wholly implausible"" → [L2].

5) Confidence
Medium - The analysis is based on the provided context, but the lack of comprehensive details on the full range of parliamentary discussions limits certainty about the overall evolution of the stance.",2023-06-29,2025-09-15,809,6
cli_single_timeaware_evo_20260104_205643.json,2026-01-04 20:56:43,Has the official position of Parliament in the last quarter of 2023 changed relative to the official position in the last quarter of 2025 regarding Israel?,single,fixed,bm25,5,evolution,True,False,2762,"1) EARLY summary
- In early 2023, the UK Parliament expressed concern over the humanitarian situation in Gaza, emphasizing the need for Israel to comply with international humanitarian law and protect civilians [E1].
- The government maintained a strong stance on Israel's right to self-defense, linking it to the actions of Hamas, which was described as a significant threat [E2].
- There was a call for humanitarian pauses to allow aid into Gaza, reflecting a desire for a balanced approach to the conflict [E1].
- The Labour party supported Palestinian recognition, asserting that statehood is an inalienable right of the Palestinian people [E2].

2) LATE summary
- By late 2025, the UK government had adopted a more critical stance towards Israel, supporting the International Court of Justice's provisional measures and emphasizing the need for Israel to lift restrictions on aid to Gaza [L2].
- The government acknowledged the potential for genocide in Gaza, indicating a shift towards a more humanitarian-focused rhetoric [L2].
- There was a clear call for the UK to take decisive action to prevent genocide and ensure compliance with international humanitarian law, reflecting a heightened urgency in the government's position [L2].
- The government expressed a commitment to working with allies to pressure Israel to change its course, indicating a more proactive approach to the situation [L2].

3) What changed
- The UK government's rhetoric shifted from a primarily supportive stance of Israel's self-defense to a more critical view that includes calls for humanitarian action and compliance with international law.
- There was an increased acknowledgment of the humanitarian crisis in Gaza, with explicit references to the risk of genocide, which was not present in the early position [L2].
- The government began to emphasize the need for Israel to lift aid restrictions and protect civilians, indicating a shift towards prioritizing humanitarian concerns over political alliances [L2].
- The Labour party's position evolved to include a stronger emphasis on the urgency of addressing the humanitarian situation, reflecting a broader consensus on the need for action [L2].

4) Evidence highlights
- ""We want to see Israel take greater care to limit its operations to military targets"" → [E1]
- ""The only political solution must be the elimination of Hamas"" → [E2]
- ""We support the ICJ... Israel has an obligation to implement them"" → [L2]
- ""The devastation from this conflict must end... our complete focus is on lifting Israeli restrictions on aid"" → [L2]

5) Confidence
High - The analysis is based on clear and contrasting evidence from the early and late windows, demonstrating a significant evolution in the UK Parliament's stance on Israel.",2023-06-29,2025-10-23,847,10
cli_single_timeaware_evo_20260104_205643.json,2026-01-04 20:56:43,Has the official position of Parliament in the last quarter of 2023 changed relative to the official position in the last quarter of 2025 regarding Israel?,single,fixed,bm25,10,evolution,True,False,3281,"1) EARLY summary
- In the early window of 2023, the UK Parliament's position on Israel emphasized the importance of international humanitarian law and the protection of civilians in Gaza, urging Israel to limit its military operations to military targets [E1].
- There was a clear call for compliance with the International Court of Justice's orders regarding the situation in Gaza, with a focus on humanitarian pauses rather than a full ceasefire [E1].
- The government maintained a strong stance on Israel's right to self-defense while also expressing concern over civilian casualties and the humanitarian situation in Gaza [E2].
- The Labour party expressed support for Palestinian recognition and emphasized that statehood is an inalienable right of the Palestinian people, indicating a shift towards a more supportive stance for Palestinian statehood [E2].

2) LATE summary
- By late 2025, the UK Parliament's position had evolved to support the International Court of Justice's provisional measures regarding Israel, indicating a stronger stance on holding Israel accountable for its actions in Gaza [L4].
- The government explicitly recognized the potential for genocide in Gaza and called for urgent action to lift Israeli restrictions on aid and protect civilians, reflecting a significant shift towards humanitarian intervention [L4].
- There was a clear acknowledgment of the need for a ceasefire and a more proactive approach to addressing the humanitarian crisis, contrasting with earlier calls for humanitarian pauses [L4].
- The government expressed a commitment to uphold international law obligations, including the genocide convention, indicating a more assertive position on human rights issues in the context of the Israel-Palestine conflict [L4].

3) What changed
- The UK Parliament's rhetoric shifted from a focus on Israel's right to self-defense to a more critical stance on Israel's actions, particularly regarding civilian casualties and humanitarian access [E2, L4].
- There was a transition from advocating for humanitarian pauses to supporting a ceasefire and recognizing the potential for genocide, indicating a heightened urgency in addressing the humanitarian crisis [L4].
- The Labour party's position evolved to include a stronger emphasis on accountability for Israel's actions, aligning more closely with international legal standards and humanitarian principles [L4].
- The overall tone of the Parliament's discussions became more aligned with international humanitarian law, reflecting a growing concern for the humanitarian implications of the conflict [L4].

4) Evidence highlights
- ""We want to see Israel take greater care to limit its operations to military targets"" → [E1]
- ""We are deeply concerned about the impact of what is happening on the civilian population in Gaza"" → [E1]
- ""The UK is fully committed to upholding our responsibilities under domestic and international law"" → [L4]
- ""The devastation from this conflict must end... our complete focus is on lifting Israeli restrictions on aid"" → [L4]

5) Confidence
High - The analysis is based on clear and contrasting evidence from the early and late windows, demonstrating a significant evolution in the UK Parliament's stance on Israel and the humanitarian situation in Gaza.",2023-06-28,2025-10-23,848,20
cli_single_timeaware_evo_20260104_205643.json,2026-01-04 20:56:43,Has the official position of Parliament in the last quarter of 2023 changed relative to the official position in the last quarter of 2025 regarding Israel?,single,fixed,dense,3,evolution,True,False,2892,"1) EARLY summary
- The UK government maintains a commitment to a two-state solution regarding Israel and Palestine, stating that recognition of a Palestinian state will occur when it serves the peace objective [E1].
- There is a focus on addressing humanitarian needs in Gaza, with discussions around the legality of Israeli actions and the need for a political horizon for Palestinians [E2].
- The government expresses reluctance to recognize Palestine unilaterally, citing concerns about empowering Hamas and the current political climate in Israel [E1].
- The UK government emphasizes the importance of international law and humanitarian considerations in its dealings with Israel and Palestine [E2].

2) LATE summary
- The UK government has begun to take a more critical stance towards Israeli actions, including calls for sanctions against Israeli officials and recognition of Palestinian statehood as a necessary step for peace [L1].
- There is a heightened urgency in addressing humanitarian crises in Gaza, with discussions about the blockade and its implications for international law [L1].
- The government acknowledges the need for accountability regarding Israeli actions and expresses a willingness to reconsider its approach to arms exports and sanctions [L2].
- The rhetoric has shifted towards a more assertive condemnation of Israeli policies, with calls for immediate recognition of Palestine and a stronger stance against violations of international law [L2].

3) What changed
- The UK government’s position has evolved from a cautious approach to recognition of Palestine to a more urgent call for recognition as a means to address humanitarian crises and promote peace [L1].
- There is an increased willingness to impose sanctions on Israeli officials and to hold Israel accountable for its actions in Gaza, reflecting a shift in the government's rhetoric and policy [L1].
- The emphasis on humanitarian aid and the need for immediate action has intensified, indicating a response to the worsening situation in Gaza [L1].
- The government has moved from a focus on diplomatic solutions to a more direct critique of Israeli policies, suggesting a significant shift in the tone of parliamentary discussions [L2].

4) Evidence highlights
- ""We should recognise the state of Palestine when the time is right"" → [E1].
- ""The blockade constitutes a clear violation of international law"" → [L1].
- ""We will continue to take every step we can to get a change of course"" → [L1].
- ""We have taken far-reaching actions, with three waves of sanctions targeted in particular on violent settlers"" → [L2].
- ""A key step to a peaceful two-state solution would be recognising Palestinian statehood"" → [L1].

5) Confidence
High - The evidence clearly shows a shift in the UK government's stance on Israel and Palestine, with specific references to changes in policy and rhetoric over time.",2023-11-14,2025-09-10,666,6
cli_single_timeaware_evo_20260104_205643.json,2026-01-04 20:56:43,Has the official position of Parliament in the last quarter of 2023 changed relative to the official position in the last quarter of 2025 regarding Israel?,single,fixed,dense,5,evolution,True,False,2877,"1) EARLY summary
- The UK government maintains a commitment to a two-state solution regarding Israel and Palestine, stating that recognition of a Palestinian state will occur when it serves the peace objective [E1].
- There is a clear stance against illegal Israeli settlements, which are viewed as undermining the two-state solution [E2].
- The government expresses concern over civilian casualties in Gaza and emphasizes the need for humanitarian aid and adherence to international law [E3].
- The UK government is cautious about unilateral recognition of Palestine, linking it to the political situation and actions of Hamas [E4].

2) LATE summary
- The UK government has intensified its criticism of Israeli actions, particularly regarding the blockade of Gaza and the humanitarian crisis, calling for urgent action and sanctions against Israeli officials [L1].
- There is a stronger push for the recognition of a Palestinian state, with discussions about doing so in response to Israel's actions and the ongoing humanitarian situation [L2].
- The government acknowledges the need for accountability regarding international law violations and expresses a willingness to impose sanctions on Israel for its actions [L3].
- The rhetoric has shifted towards a more urgent call for peace and recognition of Palestinian statehood, reflecting a growing frustration with the Israeli government's policies [L4].

3) What changed
- The UK government's position has shifted from a cautious approach to a more urgent call for action regarding the humanitarian crisis in Gaza and recognition of Palestine.
- There is an increased willingness to consider sanctions against Israel, indicating a more confrontational stance compared to the earlier period [L1].
- The emphasis on accountability for international law violations has become more pronounced, reflecting a change in the government's approach to Israel's actions [L3].
- The recognition of Palestinian statehood is now being discussed more openly as a necessary step towards peace, contrasting with the earlier hesitance [L2].

4) Evidence highlights
- ""We are clear that for a peaceful solution to this conflict there must be a political horizon towards a two-state solution."" → [E1]
- ""The Government’s position on the issue of illegal settlements is absolutely clear."" → [E2]
- ""The UK Government now have the presidency of the UN Security Council."" → [E2]
- ""I call on the Government to sanction Israeli officials until the blockade is lifted."" → [L1]
- ""A key step to a peaceful two-state solution would be recognising Palestinian statehood."" → [L1]
- ""We have taken far-reaching actions, with three waves of sanctions targeted in particular on violent settlers."" → [L2]

5) Confidence
High - The evidence clearly shows a significant shift in the UK government's stance on Israel and Palestine between the two time periods.",2023-07-18,2025-09-10,785,10
cli_single_timeaware_evo_20260104_205643.json,2026-01-04 20:56:43,Has the official position of Parliament in the last quarter of 2023 changed relative to the official position in the last quarter of 2025 regarding Israel?,single,fixed,dense,10,evolution,True,False,2697,"1) EARLY summary
- The UK government maintains a commitment to a two-state solution, stating that recognition of a Palestinian state will occur when it serves the peace objective [E1].
- There is a clear stance against illegal Israeli settlements, which are viewed as undermining the two-state solution [E2].
- The government expresses concern over the humanitarian situation in Gaza and emphasizes the need for aid to reach civilians [E4].
- The UK government has not yet recognized Palestine, insisting that timing is crucial and that recognition should not reward Hamas [E3].

2) LATE summary
- The UK government has reiterated its support for a two-state solution, emphasizing the need for a sovereign Palestinian state alongside Israel [L1].
- There is a stronger condemnation of Israeli actions, including the blockade of Gaza and military operations, which are described as violations of international law [L2].
- The government is now considering recognizing a Palestinian state more seriously, especially in light of ongoing humanitarian crises and international law violations by Israel [L4].
- Sanctions against Israeli officials and actions are being discussed as a response to their conduct, indicating a shift towards more assertive measures [L5].

3) What changed
- The UK government has shifted from a cautious approach regarding Palestinian statehood to a more proactive consideration of recognition due to worsening humanitarian conditions [L1, L4].
- There is an increased emphasis on condemning Israeli actions and violations of international law, reflecting a more critical stance compared to earlier positions [L2, L5].
- The government is now more openly discussing sanctions against Israel, indicating a potential shift in diplomatic strategy and a response to perceived impunity [L5].
- The narrative has evolved from focusing on the need for a political solution to actively addressing humanitarian crises and the consequences of Israeli military actions [L2, L4].

4) Evidence highlights
- ""We are clear that for a peaceful solution to this conflict there must be a political horizon towards a two-state solution."" → [E1]
- ""We must continue to focus on the future and on turning the current ceasefire deal into a political process that leads to a two-state solution."" → [L1]
- ""The current ceasefire is the only way for the region to move forward."" → [L1]
- ""We will continue to keep such options under review as developments proceed."" (referring to sanctions) → [L5]

5) Confidence
High - The analysis is based on clear and contrasting statements from both the early and late windows, showing a distinct evolution in the UK government's stance on Israel and Palestine.",2023-07-18,2025-09-10,785,20
cli_single_timeaware_evo_20260104_205643.json,2026-01-04 20:56:43,Has the official position of Parliament in the last quarter of 2023 changed relative to the official position in the last quarter of 2025 regarding Israel?,single,semantic,bm25,3,evolution,True,False,1688,"1) EARLY summary
- The UK Parliament's position regarding Israel included acknowledgment of humanitarian protection efforts by the IDF forces, as noted by a member of the Conservative Party who visited Israel [E1].
- There was a focus on the government's and opposition's unified stance on the issue, indicating a level of consensus [E1].
- Specific discussions around costs and legislative processes were ongoing, but they did not directly address the stance on Israel [E2].

2) LATE summary
- There is no direct evidence from the late window regarding Parliament's position on Israel, as the retrieved chunks do not discuss this topic [L1][L2][L3].
- The focus in the late window appears to be on domestic issues and legislative processes rather than foreign policy, particularly regarding Israel.

3) What changed
- The early window shows a clear engagement with the situation in Israel, including visits and discussions about humanitarian efforts, while the late window lacks any mention of Israel.
- The early window reflects a consensus among political parties regarding Israel, whereas the late window does not provide any evidence of a continued or changed stance.
- The late window's focus on domestic issues suggests a potential shift away from international concerns, including Israel.

4) Evidence highlights
- Humanitarian protection by IDF forces acknowledged → [E1]
- Consensus among government and opposition on Israel → [E1]
- No evidence of stance on Israel in late window → [L1][L2][L3]

5) Confidence
Medium - The analysis is based on the available evidence, but the lack of late window information on Israel limits the ability to definitively state changes in stance.",2023-06-29,2025-07-22,754,6
cli_single_timeaware_evo_20260104_205643.json,2026-01-04 20:56:43,Has the official position of Parliament in the last quarter of 2023 changed relative to the official position in the last quarter of 2025 regarding Israel?,single,semantic,bm25,5,evolution,True,False,1813,"1) EARLY summary
- The Labour Party expressed deep concern over the International Court of Justice's ruling regarding Gaza, emphasizing that Hamas must release hostages and Israel must comply with the Court's orders [E1].
- There was a call for all parties to respect international law and for an immediate humanitarian truce and sustainable ceasefire [E1].
- The Government's position was aligned with the Opposition's stance on the situation in Israel, indicating a unified front [E2].

2) LATE summary
- There is no direct mention of Israel or the situation in Gaza in the retrieved late evidence, focusing instead on unrelated legislative matters and community issues [L1-L5].
- The discussions in Parliament during this period do not reflect any specific stance on Israel, suggesting a shift away from the topic [L1-L5].

3) What changed
- The early window showed a clear and active engagement with the situation in Israel and Gaza, with specific calls for compliance with international law and humanitarian actions [E1].
- The late window lacks any references to Israel or Gaza, indicating a possible shift in focus away from these issues in parliamentary discussions [L1-L5].
- The absence of discussions on Israel in the late window suggests a change in the priority or relevance of the issue within Parliament [L1-L5].

4) Evidence highlights
- ""Hamas must release all remaining hostages immediately, that Israel must comply with the ICJ’s orders in full"" → [E1].
- ""That is the position of the Government and of the official Opposition"" → [E2].
- No relevant evidence regarding Israel or Gaza in the late window → [L1-L5].

5) Confidence
Medium - The analysis is based on the available evidence, but the lack of late evidence specifically addressing Israel limits the certainty of the conclusions drawn.",2023-06-29,2025-10-30,854,10
cli_single_timeaware_evo_20260104_205643.json,2026-01-04 20:56:43,Has the official position of Parliament in the last quarter of 2023 changed relative to the official position in the last quarter of 2025 regarding Israel?,single,semantic,bm25,10,evolution,True,False,2372,"1) EARLY summary
- In early 2024, Labour expressed concern over the situation in Gaza and emphasized the need for Hamas to release hostages and for Israel to comply with the International Court of Justice (ICJ) orders [E1].
- The Labour Party called for respect for the ICJ's judgment and urged all parties to adhere to international law for a humanitarian truce [E1].
- There was a focus on the Christian presence in Jerusalem and the need for the rule of law to prevail in Israel [E4].
- The government and opposition positions were aligned in recognizing humanitarian protection efforts by the Israeli Defense Forces [E6].

2) LATE summary
- By mid-2025, there was no mention of the ICJ or specific calls for Israel to comply with its orders, indicating a shift in focus [L1].
- The Labour Party's discussions centered more on domestic issues and economic growth rather than international law or the situation in Israel [L4].
- The emphasis on humanitarian issues in Israel was less pronounced, with no direct calls for compliance with international law or ICJ rulings [L1].
- The overall tone appeared to shift towards domestic policy and economic matters, sidelining the previous focus on international humanitarian concerns [L4].

3) What changed
- The focus shifted from international legal compliance and humanitarian issues regarding Israel to domestic economic policies and growth [L1, L4].
- The urgency for Israel to comply with ICJ orders was no longer a prominent part of the discourse [L1].
- The Labour Party's rhetoric moved away from international humanitarian concerns to emphasize domestic achievements and policies [L4].
- The alignment between government and opposition on humanitarian issues in Israel diminished, with less emphasis on the situation in Gaza [L1].

4) Evidence highlights
- ""Hamas must release all remaining hostages immediately, that Israel must comply with the ICJ’s orders in full"" → [E1].
- ""The rule of law should prevail in Israel and the status quo be maintained"" → [E4].
- ""The focus has shifted to domestic issues and economic growth"" → [L4].
- ""No direct calls for compliance with international law or ICJ rulings"" → [L1].

5) Confidence
Medium - The analysis is based on the provided context, but the lack of explicit statements in the late window makes it difficult to ascertain the full extent of the change in position.",2023-06-29,2025-10-30,854,20
cli_single_timeaware_evo_20260104_205643.json,2026-01-04 20:56:43,Has the official position of Parliament in the last quarter of 2023 changed relative to the official position in the last quarter of 2025 regarding Israel?,single,semantic,dense,3,evolution,True,False,2412,"1) EARLY summary
- The UK Parliament's position emphasized a commitment to a two-state solution and adherence to international law regarding Israel's actions, particularly in Gaza and the West Bank [E2], [E3].
- There was a growing concern about Israel's military actions and their implications for Palestinian civilians, with calls for a ceasefire and a reevaluation of arms trade with Israel [E1].
- The Labour party's stance appeared to be shifting towards a more critical view of Israel's actions, reflecting a broader change in public sentiment [E1].

2) LATE summary
- The UK government suspended negotiations on an upgraded free trade agreement with Israel due to its actions in Gaza, indicating a significant policy shift [L1].
- There was a clear stance that Hamas must not play a role in a future Palestinian state, emphasizing security concerns for Israel [L2].
- The government expressed a willingness to recognize a state of Palestine if Israel did not meet specific conditions, showing a potential shift towards supporting Palestinian statehood [L3].

3) What changed
- The UK Parliament moved from a position of supporting ongoing trade relationships with Israel to suspending negotiations for an upgraded trade agreement due to Israel's actions [L1].
- There was a shift from merely advocating for a two-state solution to actively considering the recognition of Palestine based on Israel's compliance with certain conditions [L3].
- The rhetoric surrounding Israel's role as a reliable partner changed, with the government acknowledging the need for sanctions against Israel [L2].
- The urgency of addressing the humanitarian situation in Gaza became more pronounced, leading to calls for immediate action rather than just diplomatic discussions [L1].

4) Evidence highlights
- ""The Prime Minister boldly stated his confidence in Israel’s respect for international law"" → [E1].
- ""We want to see a safe and secure Israel living alongside a viable and sovereign Palestinian state"" → [E2].
- ""We have suspended negotiations on an upgraded free trade agreement with Israel"" → [L1].
- ""Hamas can have no future role in Gaza"" → [L2].
- ""The Government have said that they would commit to recognising a state of Palestine"" → [L3].

5) Confidence
High - The evidence clearly shows a transition in the UK Parliament's stance on Israel from supportive to critical, with specific policy changes documented.",2023-07-04,2025-09-10,799,6
cli_single_timeaware_evo_20260104_205643.json,2026-01-04 20:56:43,Has the official position of Parliament in the last quarter of 2023 changed relative to the official position in the last quarter of 2025 regarding Israel?,single,semantic,dense,5,evolution,True,False,2338,"1) EARLY summary
- The UK government maintains a long-standing position supporting a two-state solution, emphasizing Israel's security alongside a viable Palestinian state [E3].
- There is recognition of the illegality of Israeli settlements under international law, and the UK government stresses the importance of proportionality in Israel's military actions [E4][E5].
- Concerns are raised about the humanitarian impact of Israeli actions in Gaza and the West Bank, with calls for a ceasefire and reassessment of arms trade with Israel [E2].

2) LATE summary
- The UK government has suspended negotiations on an upgraded free trade agreement with Israel due to the actions of the Netanyahu government, indicating a shift in trade relations [L1].
- There is a clear stance that Hamas cannot play a role in a future Palestinian state, and the UK government is considering recognizing Palestine if Israel does not meet certain conditions [L2][L4].
- The government has committed to providing support to strengthen governance in Palestine, reflecting a more proactive approach to Palestinian statehood [L5].

3) What changed
- The UK government shifted from a position of general support for Israel to actively suspending trade negotiations in response to Israeli actions, indicating a more critical stance [L1].
- There is a new emphasis on the conditions under which the UK would recognize a Palestinian state, suggesting a more conditional approach to recognition than previously stated [L4].
- The government has begun to engage more directly with Palestinian governance and support, indicating a shift towards a more balanced approach in the Israeli-Palestinian conflict [L5].

4) Evidence highlights
- ""The long-standing British position on the middle east process is unchanged"" → [E3].
- ""We have suspended negotiations on an upgraded free trade agreement with Israel"" → [L1].
- ""The Government have said that they would commit to recognising a state of Palestine before the United Nations General Assembly if Israel failed to meet certain conditions"" → [L4].
- ""We announced £7 million in technical support to strengthen governance, accountability and civic space in Palestine"" → [L5].

5) Confidence
High - The evidence clearly shows a transition in the UK government's stance on Israel and Palestine between the two time periods.",2023-07-04,2025-10-28,847,10
cli_single_timeaware_evo_20260104_205643.json,2026-01-04 20:56:43,Has the official position of Parliament in the last quarter of 2023 changed relative to the official position in the last quarter of 2025 regarding Israel?,single,semantic,dense,10,evolution,True,False,2657,"1) EARLY summary
- The UK government maintains a long-standing position supporting a two-state solution, emphasizing the need for a negotiated settlement for peace between Israel and Palestine [E4], [E6].
- There is a recognition of the illegality of Israeli settlements under international law, and the UK government stresses the importance of protecting Palestinian civilians [E7], [E9].
- Recent discussions have included the potential recognition of a Palestinian state, contingent on the situation serving the peace objective [E2].
- Concerns have been raised about Israel's military actions and their implications for international law and human rights [E3].

2) LATE summary
- The UK government has suspended negotiations on an upgraded free trade agreement with Israel due to its actions in Gaza and the West Bank, indicating a shift in diplomatic relations [L2].
- There is a stronger emphasis on the potential for recognizing a Palestinian state, with conditions tied to Israel's actions [L7].
- The UK has imposed sanctions on Israeli officials, reflecting a more critical stance towards the Israeli government [L4].
- The rhetoric has shifted to describe Israel's actions as potentially genocidal, highlighting a significant escalation in the UK's condemnation of Israeli policies [L1].

3) What changed
- The UK government has moved from a position of general support for Israel to one that includes sanctions and a suspension of trade negotiations due to Israel's actions [L2].
- There is a more urgent call for the recognition of a Palestinian state, indicating a shift towards supporting Palestinian sovereignty more actively [L7].
- The language used to describe Israel's actions has become more severe, with references to ""plausible genocide"" and a clear condemnation of the Israeli government's policies [L1].
- The UK has begun to publicly question the reliability of Israel as a partner, contrasting with earlier statements that emphasized a strong bilateral relationship [L5].

4) Evidence highlights
- ""We support a negotiated settlement leading to a safe and secure Israel living alongside a viable and sovereign Palestinian state"" → [E4].
- ""We have suspended negotiations on an upgraded free trade agreement with Israel in response to the egregious actions of the Netanyahu Government"" → [L2].
- ""Plausible genocide according to the International Court of Justice"" → [L1].
- ""We welcome the sanctions that the Government have put in place on the Israeli Government"" → [L5].

5) Confidence
High - The evidence clearly shows a significant shift in the UK government's stance towards Israel and Palestine between the two time periods.",2023-06-29,2025-10-29,853,20
cli_single_timeaware_evo_20260104_185526.json,2026-01-04 18:55:26,How did the Prime Minister rhetoric regarding the war between Israel and Hamas/Gaza develop/change between his first and last speech?,single,fixed,bm25,5,evolution,True,False,3242,"1) EARLY summary
- The Prime Minister's rhetoric initially emphasized strong support for Israel's right to defend itself against Hamas, framing the conflict as a response to terrorism and collective punishment by Hamas against Israeli civilians [E3].
- There was a clear condemnation of Hamas's actions, with a focus on the need for Israel to take precautions to avoid civilian casualties, while still supporting its military actions [E4].
- The Prime Minister acknowledged the humanitarian crisis in Gaza but maintained a stance that prioritized Israel's security and the need to combat Hamas [E2].
- The rhetoric included a call for a sustainable ceasefire but was cautious about placing blame on Israel, often framing the situation as a complex conflict with Hamas as the primary aggressor [E1].

2) LATE summary
- The Prime Minister's rhetoric shifted to a more critical view of Israel's actions, describing them as grossly disproportionate and calling for accountability regarding the humanitarian situation in Gaza [L2].
- There was an increased emphasis on the need for humanitarian aid and a sustainable ceasefire, with a recognition of the dire conditions faced by Palestinian civilians [L1].
- The Prime Minister began to acknowledge the role of Hamas in the conflict but also highlighted the need for a political solution that excludes Hamas from governance in any future Palestinian state [L3].
- The rhetoric included a stronger condemnation of both Hamas and the Israeli government's actions, suggesting a more balanced approach to the conflict [L4].

3) What changed
- The Prime Minister's initial unwavering support for Israel's military actions evolved into a more nuanced critique of Israel's tactics, particularly regarding civilian casualties in Gaza.
- There was a noticeable shift from a focus solely on Israel's right to defend itself to a broader concern for humanitarian issues and the need for immediate aid to Gaza [L1].
- The rhetoric transitioned from framing Hamas as the sole aggressor to recognizing the complexities of the situation, including the need for a political solution that does not involve Hamas [L3].
- The Prime Minister's language became more inclusive of Palestinian suffering, reflecting a growing awareness of the humanitarian crisis and the need for international accountability [L2].
- The call for a ceasefire became more urgent and emphasized as a necessary step towards peace, contrasting with earlier statements that were more supportive of Israel's military objectives [L1].

4) Evidence highlights
- ""Israel has to take the necessary steps to root out this evil virus of fundamentalism"" → [E3]
- ""We must up the rhetoric and condemn that unequivocally"" regarding Israel's actions → [E2]
- ""The responsibilities weigh heavily on all of us"" regarding the humanitarian situation in Gaza → [L1]
- ""The conduct of the Netanyahu Government is anything other than gross and disproportionate"" → [L2]
- ""Hamas must never be rewarded"" and must be excluded from any future governance → [L3]

5) Confidence
High - The analysis is based on clear and contrasting evidence from the early and late windows, demonstrating a significant evolution in the Prime Minister's rhetoric regarding the conflict.",2023-10-16,2025-10-29,744,10
cli_single_timeaware_evo_20260104_185526.json,2026-01-04 18:55:26,How did the Prime Minister rhetoric regarding the war between Israel and Hamas/Gaza develop/change between his first and last speech?,single,fixed,dense,5,evolution,True,False,2869,"1) EARLY summary
- The Prime Minister's rhetoric initially emphasized Israel's right to defend itself against Hamas, framing the conflict in terms of terrorism and the need for security for Israeli citizens [E2].
- There was a strong condemnation of Hamas, with a clear distinction made between Hamas and the Palestinian people, asserting that the latter should not be held accountable for the actions of the former [E4].
- The Prime Minister called for humanitarian aid to Gaza, acknowledging the dire situation and the need for international law to protect civilians [E1].
- He expressed a commitment to a two-state solution, highlighting the importance of peace and stability in the region [E3].

2) LATE summary
- The rhetoric shifted towards a more critical stance on Israeli actions, with calls for accountability regarding violations of international law and the need for a ceasefire [L2].
- The Prime Minister began to address the humanitarian crisis in Gaza more urgently, emphasizing the need for aid and the protection of civilians [L1].
- There was an increased focus on the role of international diplomacy and the necessity of engaging with various stakeholders to achieve peace [L4].
- The Prime Minister's language included a recognition of the complexities of the conflict, acknowledging the detrimental impact of both Hamas and certain Israeli government actions on peace efforts [L2].

3) What changed
- The early rhetoric was predominantly supportive of Israel's military actions, while the later speeches included calls for restraint and accountability from Israel [E2] → [L2].
- The emphasis on humanitarian aid evolved from a general acknowledgment to a more urgent and specific call for immediate action to alleviate suffering in Gaza [E1] → [L1].
- The Prime Minister's approach to the two-state solution shifted from a hopeful vision to a more critical assessment of the current political landscape and the need for concrete steps towards achieving it [E3] → [L4].
- The language used became more nuanced, recognizing the complexities of the conflict and the need for a balanced approach that considers the rights and suffering of both Israelis and Palestinians [E4] → [L2].

4) Evidence highlights
- ""Israel has the right to defend herself... to defeat Hamas"" → [E2].
- ""Gaza is in a humanitarian catastrophe... a full, comprehensive and immediate humanitarian pause in fighting across the whole of Gaza is needed"" → [E1].
- ""We must not let it [the prospect of peace] die"" → [E3].
- ""The key to a sustainable end to the conflict is the release of the remaining 59 hostages"" → [L1].
- ""We have seen more than 150 attacks by settlers against those farmers"" → [L5].

5) Confidence
High - The analysis is based on clear and contrasting evidence from the early and late speeches, demonstrating a significant evolution in rhetoric and policy focus.",2023-10-16,2025-10-29,744,10
cli_single_timeaware_evo_20260104_185526.json,2026-01-04 18:55:26,How did the Prime Minister rhetoric regarding the war between Israel and Hamas/Gaza develop/change between his first and last speech?,single,semantic,bm25,5,evolution,True,False,2708,"1) EARLY summary
- The Prime Minister emphasized the need for a political solution to the Israeli-Palestinian conflict, advocating for a two-state solution that ensures justice and security for both sides [E1].
- He acknowledged the devastating impact of Israel's actions in Gaza, highlighting the high civilian death toll and calling for compliance with international law [E1].
- The rhetoric included a call for Israel to exercise caution and avoid collective punishment, while also recognizing Israel's right to defend itself against Hamas [E3][E4].
- There was a focus on the future and the need for Israel to demonstrate positive actions post-conflict [E5].

2) LATE summary
- The Prime Minister continued to advocate for a negotiated two-state solution, explicitly mentioning the need for a sovereign Palestinian state alongside Israel [L1].
- He condemned Hamas for its actions and rhetoric, framing it as a significant threat to peace and security, while also calling for the release of hostages [L3].
- The rhetoric shifted to a more critical stance on Israel's actions, labeling them as collective punishment and war crimes, and calling for accountability [L2].
- There was a clear emphasis on the humanitarian crisis in Gaza and the need for increased aid, alongside a focus on rebuilding relationships with Israel [L5].

3) What changed
- The Prime Minister's rhetoric evolved from a balanced approach that recognized both Israeli rights and Palestinian suffering to a more critical stance on Israel's actions, particularly regarding humanitarian issues [E1][L2].
- There was a noticeable shift towards a stronger condemnation of Hamas, framing it as the primary aggressor and a significant threat to regional stability [L3].
- The emphasis on humanitarian aid and the need for accountability for Israel's actions became more pronounced in the later speeches, reflecting a growing concern for the humanitarian situation in Gaza [L2][L5].
- The call for a two-state solution remained consistent, but the context and urgency surrounding it changed, with a stronger focus on immediate humanitarian needs [L1].

4) Evidence highlights
- ""There must be a political solution to the Israeli-Palestinian conflict—a two-state solution..."" → [E1]
- ""The aerial bombardment by Israel... has been devastating."" → [E1]
- ""It is clear that Israel has been emboldened... to force new ceasefire terms."" → [L2]
- ""I have condemned Hamas for their despicable actions..."" → [L3]
- ""What actions are the Government taking to increase getting aid into Gaza?"" → [L5]

5) Confidence
High - The analysis is based on clear evidence from the provided context, showing a distinct evolution in rhetoric and policy over time.",2023-10-16,2025-10-29,744,10
cli_single_timeaware_evo_20260104_185526.json,2026-01-04 18:55:26,How did the Prime Minister rhetoric regarding the war between Israel and Hamas/Gaza develop/change between his first and last speech?,single,semantic,dense,5,evolution,True,False,2533,"1) EARLY summary
- The Prime Minister expressed strong support for Israel's right to defend itself under international law, emphasizing solidarity with Israel following Hamas's attacks [E4].
- He acknowledged the humanitarian crisis in Gaza, calling for greater care to protect civilians and the need for humanitarian aid [E2][E3].
- There was a focus on diplomatic efforts to resolve the conflict and ensure the safety of British nationals and hostages [E4][E5].
- The rhetoric was largely supportive of Israel, with calls for specific pauses in military action rather than a full ceasefire [E4].

2) LATE summary
- The Prime Minister's rhetoric shifted to a more critical stance towards Israel, urging it to change course and acknowledging the unacceptable situation in Gaza [L1].
- He condemned Israel's actions, describing them as appalling and unacceptable, and recognized the humanitarian catastrophe affecting Palestinian civilians [L3][L4].
- There was a clear condemnation of Hamas's actions, but the focus on Israel's responsibility and the need for humanitarian aid became more pronounced [L2][L3].
- The Prime Minister's language reflected a growing urgency to address the humanitarian crisis, labeling the situation as a ""man-made famine"" [L4].

3) What changed
- The Prime Minister's initial strong support for Israel's military actions transitioned to a more critical view of Israel's policies and actions in Gaza.
- There was an increased emphasis on the humanitarian impact of the conflict, with a recognition of the high civilian casualties among Palestinians [L1][L4].
- The rhetoric evolved from advocating for specific pauses in military action to openly calling for Israel to change its course and take responsibility for the humanitarian crisis [L1][L3].
- The framing of the conflict shifted from a focus on Israel's right to defend itself to a broader critique of the consequences of its actions on civilians [L1][L3].

4) Evidence highlights
- ""Israel must respect international humanitarian law"" → [E3]
- ""We do not view the situation as acceptable, and we will continue to take steps with our allies and partners to urge Israel to change course"" → [L1]
- ""We have been absolutely clear in condemning them and calling them out"" → [L3]
- ""The situation in Gaza was 'horrifying' and 'a man-made famine'"" → [L4]

5) Confidence
High - The analysis is based on clear and contrasting statements from the Prime Minister's speeches in both the early and late windows, demonstrating a significant shift in rhetoric.",2023-10-23,2025-09-10,688,10
cli_single_timeaware_evo_20260104_190757.json,2026-01-04 19:07:57,How did the president rhetoric regarding the war between Israel and Hamas/Gaza develop/change between his first and last speech?,single,fixed,bm25,5,evolution,True,False,2666,"1) EARLY summary
- The president's rhetoric initially emphasized strong support for Israel's right to defend itself against Hamas, framing the conflict in terms of terrorism and self-defense [E3].
- There was a clear condemnation of Hamas and its actions, with a focus on the need for Israel to take precautions to avoid civilian casualties [E4].
- The president acknowledged the humanitarian crisis in Gaza but maintained a stance that prioritized Israel's security and the need to combat Hamas [E5].
- The rhetoric included a call for a sustainable ceasefire but was cautious about directly criticizing Israeli actions, often framing them as necessary responses to Hamas provocations [E2].

2) LATE summary
- The president's rhetoric shifted to a more critical stance towards Israel, highlighting the humanitarian catastrophe in Gaza and calling for urgent action to alleviate suffering [L1].
- There was an explicit acknowledgment of the need for accountability regarding Israeli actions, with references to potential violations of international law [L2].
- The president began to emphasize the importance of a political solution and the need for international pressure on Israel to change its course [L5].
- The rhetoric included a stronger condemnation of the Israeli government's actions, suggesting they were disproportionate and harmful to peace efforts [L4].

3) What changed
- The president's initial unwavering support for Israel's military actions evolved into a more balanced approach that recognized the humanitarian impact on Palestinians [L1].
- There was a noticeable shift from solely condemning Hamas to also holding Israel accountable for its actions, indicating a more nuanced understanding of the conflict [L2].
- The call for a sustainable ceasefire transitioned from a cautious suggestion to an urgent demand, reflecting growing international pressure and public sentiment [L5].
- The rhetoric increasingly included calls for international intervention and a political resolution, moving away from a purely military-focused narrative [L4].

4) Evidence highlights
- ""Israel has not only a right to defend itself but a duty to defend its people"" → [E4].
- ""We are doing everything we can to get humanitarian support into Gaza"" → [E2].
- ""The responsibilities weigh heavily on all of us"" → [L1].
- ""The conduct of the Netanyahu Government is anything other than gross and disproportionate"" → [L2].
- ""We will continue to push for a political resolution to end this conflict"" → [L5].

5) Confidence
High - The analysis is based on clear and contrasting evidence from the early and late windows, demonstrating a significant evolution in rhetoric.",2023-10-16,2025-09-10,695,10
cli_single_timeaware_evo_20260104_190757.json,2026-01-04 19:07:57,How did the president rhetoric regarding the war between Israel and Hamas/Gaza develop/change between his first and last speech?,single,fixed,dense,5,evolution,True,False,2802,"1) EARLY summary
- The president's rhetoric emphasized the humanitarian crisis in Gaza, calling for a sustained ceasefire and urgent humanitarian aid to alleviate suffering [E1].
- He condemned the actions of both Hamas and Israel, highlighting the need for Israel to take precautions to protect civilian lives while asserting its right to defend itself [E3].
- The president supported a two-state solution, advocating for Palestinian control over Gaza and the importance of international law in the conflict [E1][E3].
- There was a clear call for international cooperation and accountability regarding the humanitarian situation and the conduct of both parties in the conflict [E2][E4].

2) LATE summary
- The president's rhetoric shifted towards a more critical stance on Israel's actions, with references to ""genocide"" and calls for accountability for civilian casualties in Gaza [L1][L2].
- There was a stronger emphasis on the need for a comprehensive ceasefire and the unconditional release of hostages, indicating a more urgent tone regarding the humanitarian crisis [L1].
- The president acknowledged the complexities of the conflict, including the role of extremist elements on both sides, and called for international intervention to ensure peace [L3][L4].
- The rhetoric included a recognition of the need for a political solution that addresses the rights and future of the Palestinian people, alongside Israel's security [L2][L5].

3) What changed
- The early rhetoric was more balanced, focusing on humanitarian needs and the rights of both Israelis and Palestinians, while the late rhetoric became more critical of Israel's military actions and their humanitarian impact.
- The late speeches included explicit references to ""genocide"" and a demand for accountability, which were not present in the early speeches [L1][L2].
- There was a noticeable shift from advocating for a two-state solution as a hopeful future to a more urgent call for immediate action to prevent further humanitarian disaster [L1][L2].
- The late rhetoric reflected a growing frustration with the lack of progress and the increasing violence, suggesting a more proactive role for the international community in mediating the conflict [L3][L4].

4) Evidence highlights
- ""The need for a sustained ceasefire is clear"" → [E1]
- ""Gaza is now a humanitarian emergency"" → [E3]
- ""The situation on the ground in Gaza is horrendous"" → [L1]
- ""When will he call what is happening in Gaza a genocide?"" → [L2]
- ""We must provide an alternative to the vision of violence"" → [E4]
- ""We will continue to make those points strongly"" regarding settler violence → [L5]

5) Confidence
High - The analysis is based on clear and contrasting evidence from the early and late speeches, demonstrating a significant evolution in rhetoric.",2023-10-16,2025-10-29,744,10
cli_single_timeaware_evo_20260104_190757.json,2026-01-04 19:07:57,How did the president rhetoric regarding the war between Israel and Hamas/Gaza develop/change between his first and last speech?,single,semantic,bm25,5,evolution,True,False,2403,"1) EARLY summary
- The president emphasized Israel's right to defend itself against Hamas following a brutal terrorist attack, while acknowledging the humanitarian impact on Gaza's civilians [E2], [E3].
- There was a call for Hamas to release hostages and for a governance structure in Gaza that excludes Hamas, involving the Palestinian Authority [E1].
- The rhetoric included reminders of international law and the need for Israel to operate within those bounds during military actions [E4].
- The president expressed a desire for Israel to demonstrate positive actions post-conflict to improve the situation in Gaza [E5].

2) LATE summary
- The president's rhetoric became more accusatory towards Hamas, labeling them as genocidal and responsible for the ongoing violence [L1].
- There was a stronger emphasis on the need for international action against Iran, which was framed as a key supporter of Hamas [L2].
- The president maintained a focus on the humanitarian situation in Gaza, stressing the importance of aid and the need for the government to prioritize this issue [L3].
- The rhetoric shifted towards a more proactive stance on ensuring peace and the return of hostages, with a commitment to not give up on Gaza [L4].

3) What changed
- The tone shifted from a balanced view of Israel's right to defend itself to a more aggressive condemnation of Hamas as a genocidal entity [L1].
- The focus on international law and humanitarian concerns remained, but there was a clearer call for action against Iran's influence in the region [L2].
- The president's speeches increasingly highlighted the urgency of humanitarian aid to Gaza, indicating a growing concern for the civilian population [L3].
- There was a notable shift towards a more assertive stance on the need for peace and the return of hostages, reflecting a change in the urgency of the rhetoric [L4].

4) Evidence highlights
- ""Israel has a right to pursue and destroy the terrorist forces"" → [E2]
- ""Hamas must agree to the release of all hostages"" → [E1]
- ""Hamas... embarked on genocide"" → [L1]
- ""What action will the Government take if... Israel does not allow aid into Gaza?"" → [L1]
- ""The situation in Gaza will remain a top priority for this Government"" → [L3]

5) Confidence
High - The analysis is based on clear distinctions in rhetoric and policy focus between the early and late windows, supported by specific citations.",2023-10-16,2025-10-29,744,10
cli_single_timeaware_evo_20260104_190757.json,2026-01-04 19:07:57,How did the president rhetoric regarding the war between Israel and Hamas/Gaza develop/change between his first and last speech?,single,semantic,dense,5,evolution,True,False,2807,"1) EARLY summary
- The president emphasized the need for a political solution to the Israeli-Palestinian conflict, advocating for a two-state solution that ensures justice and security for both sides [E1].
- He condemned the humanitarian impact of Israel's actions in Gaza, highlighting the high civilian death toll and calling for compliance with international law [E1].
- The rhetoric included a strong condemnation of violence from both sides, including Hamas and Israeli settlers, while stressing the importance of international diplomacy [E3].
- The president acknowledged the dire humanitarian situation in Gaza and the need for Israel to respect international humanitarian law [E4].

2) LATE summary
- The president's rhetoric shifted towards a more urgent call for dialogue and a ceasefire, emphasizing that a return to negotiations is essential for lasting peace [L1].
- He expressed outrage over the Israeli blockade of Gaza, framing it as a breach of international law and highlighting the humanitarian crisis, including a ""man-made famine"" [L3].
- The focus on diplomacy remained, but there was a clearer insistence on immediate actions to secure a ceasefire as the priority for achieving security for both Israelis and Palestinians [L4].
- The president reiterated the importance of international cooperation, particularly with the US and other allies, in addressing the conflict and supporting reconstruction efforts in Gaza [L1].

3) What changed
- The early rhetoric was more focused on condemning violence and advocating for a two-state solution, while the late rhetoric emphasized immediate actions for a ceasefire and dialogue [E1, L1].
- There was a noticeable shift from discussing the humanitarian situation in general terms to explicitly labeling the Israeli blockade as a breach of international law and highlighting its severe humanitarian consequences [E4, L3].
- The late speeches showed a stronger alignment with international partners in seeking a resolution, indicating a more collaborative approach compared to the earlier focus on internal diplomatic efforts [L1, L2].
- The urgency in the late rhetoric reflects a response to the evolving situation on the ground, with a clear call for immediate cessation of hostilities rather than a longer-term political process [L4].

4) Evidence highlights
- ""There must be a political solution... a two-state solution"" → [E1]
- ""The aerial bombardment... has been devastating"" → [E1]
- ""A return to a ceasefire is the only way we will bring the conflict to an end"" → [L2]
- ""Gaza faces a 'man-made famine'"" → [L3]
- ""Diplomacy, not bloodshed, is how we get security"" → [L4]

5) Confidence
High - The analysis is based on clear and contrasting evidence from the early and late windows, demonstrating a significant evolution in rhetoric.",2023-11-07,2025-10-29,722,10
cli_single_timeaware_evo_20260104_185110.json,2026-01-04 18:51:10,How has climate policy changed over time?,single,fixed,bm25,5,evolution,True,False,2924,"1) EARLY summary
- The UK government emphasizes the importance of achieving net zero emissions while also promoting economic growth, highlighting a 48% reduction in emissions since 1990 alongside economic growth [E1].
- There is a call for urgent action and leadership on climate issues, with criticism directed at the Prime Minister for perceived backtracking on climate commitments [E1].
- Labour proposes a strong climate agenda, including a pledge to issue no new oil, gas, or coal licenses and to establish a clean power alliance [E1].
- Concerns are raised about the disconnect between climate science and current financial systems, urging a rapid phase-out of fossil fuels and investment in green infrastructure [E3].

2) LATE summary
- The government is now facing criticism for its decision to ban offshore licenses in the North Sea, with prominent figures labeling it as ""irrational"" and detrimental to domestic energy production [L1].
- There is a recognition of the need for private finance to support climate initiatives, particularly in developing countries, indicating a shift towards leveraging economic interests for climate action [L2].
- The government is launching a review of the airports national policy statement to ensure that expansion plans align with climate commitments, reflecting a more integrated approach to infrastructure and environmental obligations [L3].
- The emphasis on economic growth remains, but there is a clearer acknowledgment of the need to balance this with environmental responsibilities and legal commitments to climate change [L3].

3) What changed
- The early focus on ambitious climate leadership and commitments has shifted to a more defensive stance, with the government facing backlash over its climate policies and decisions [L1].
- There is a growing recognition of the role of private finance in achieving climate goals, indicating a shift towards economic pragmatism in climate policy [L2].
- The government is now actively reviewing infrastructure projects like the Heathrow expansion to ensure they meet climate obligations, suggesting a more cautious and integrated approach to development [L3].
- The rhetoric has evolved from a strong commitment to climate action to addressing criticisms and concerns about the feasibility and economic implications of such actions [L1, L2].

4) Evidence highlights
- ""We cut UK emissions by 48% while growing the economy"" → [E1]
- ""Labour will pledge to issue no new oil, gas or coal licences"" → [E1]
- ""The decision to ban offshore licences... described as an 'irrational' policy"" → [L1]
- ""Private finance can make a massive difference"" → [L2]
- ""Expansion must align with our legal, environmental and climate commitments"" → [L3]

5) Confidence
Medium - The analysis is based on the provided context, but the changes in policy and rhetoric may not fully capture the broader trends or nuances without additional information.",2023-07-13,2025-10-27,837,10
cli_single_timeaware_evo_20260104_185110.json,2026-01-04 18:51:10,How has climate policy changed over time?,single,fixed,dense,5,evolution,True,False,2859,"1) EARLY summary
- The UK government emphasizes its commitment to achieving net zero targets through initiatives like carbon capture and storage, showcasing projects that could significantly reduce emissions [E1].
- There is a strong focus on the economic benefits of a green transition, with claims that the UK has cut emissions more than any other major economy [E1].
- The opposition criticizes the government for not fulfilling climate promises and expresses a desire for more urgent action, particularly in light of international climate commitments [E2].
- The government acknowledges the need for improvements in energy efficiency and retrofitting homes to meet climate goals, highlighting past achievements in emissions reductions [E1].

2) LATE summary
- The government asserts its leadership role in international climate action, emphasizing commitments made at COP29 and the importance of transitioning to low-carbon energy for energy security [L1].
- There is a recognition of the urgency of climate action, with references to the impacts of climate change on future generations and the need for immediate measures to reduce emissions [L2].
- The government promotes initiatives aimed at making clean energy more accessible and affordable, including lifting bans on onshore wind and establishing new energy frameworks [L1].
- There is a call for continued international cooperation and support for developing countries in their climate efforts, reflecting a broader understanding of global interdependence in tackling climate change [L3].

3) What changed
- The rhetoric shifted from a focus on national achievements in emissions reductions to a more urgent call for international leadership and cooperation in climate action [L1, L2].
- The government began to emphasize the economic necessity of transitioning to low-carbon energy, linking it directly to energy security and resilience against global crises [L1].
- There is a noticeable increase in addressing the concerns of younger generations regarding climate change, with more emphasis on engaging youth in climate discussions and actions [L2].
- The government has moved towards a more proactive stance on funding and supporting climate initiatives, particularly in developing countries, indicating a broader recognition of global responsibilities [L3].

4) Evidence highlights
- ""We have cut our emissions more than any other major economy"" → [E1].
- ""International leadership on climate change is critical for this Government"" → [L1].
- ""We must act on the climate and nature crisis to protect our British way of life"" → [L2].
- ""We will maintain that tradition of leadership into COP30 in Brazil and beyond"" → [L3].

5) Confidence
High - The analysis is based on clear distinctions between early and late evidence, showing a coherent evolution in climate policy and rhetoric over time.",2023-07-19,2025-10-14,818,10
cli_single_timeaware_evo_20260104_185110.json,2026-01-04 18:51:10,How has climate policy changed over time?,single,semantic,bm25,5,evolution,True,False,2550,"1) EARLY summary
- There is a strong emphasis on the UK's historical climate leadership and the need for continued commitment to climate policies, particularly in light of recent setbacks [E2].
- Concerns are raised about the impact of energy policies on local communities, especially in highland areas facing fuel poverty [E1].
- The Scottish Government is noted for its ability to tailor climate policies through devolved powers, indicating a push for localized climate action [E3].
- The upcoming COP28 climate talks are highlighted as a critical moment for addressing issues like climate loss and damage [E3].

2) LATE summary
- The government acknowledges the need to review the Aviation National Policy Statement (ANPS) due to new environmental and climate obligations, indicating a shift towards adapting policies to current realities [L4].
- There is recognition that the world has changed since the last ANPS review, suggesting a responsiveness to evolving climate challenges [L4].
- The Prime Minister's previous government policies are referenced as having been inadequate in addressing climate threats, indicating a potential shift in approach [L3].
- The focus on expanding airport capacity despite new climate obligations suggests a tension between growth and environmental considerations [L5].

3) What changed
- The early focus on maintaining the UK's climate leadership has shifted to a more reactive stance, acknowledging past failures and the need for policy adaptation [E2, L3].
- There is a growing recognition of the need to integrate new environmental obligations into existing frameworks, such as the ANPS [L4].
- The emphasis on localized climate action in the early window has been replaced by a broader acknowledgment of systemic issues and the need for comprehensive reviews of existing policies [E3, L4].
- The late window reflects a more pragmatic approach to balancing economic growth with climate responsibilities, as seen in the discussions around airport expansions [L5].

4) Evidence highlights
- ""The world needs climate leadership"" → [E2]
- ""New environmental and climate obligations have been introduced"" → [L4]
- ""The Prime Minister has also made clear that he was informed of the CPS’s decision"" → [L3]
- ""Starting the review of the ANPS is critical to delivering expansion"" → [L4]
- ""Pretty much every UK airport saw its busiest summer on record"" → [L5]

5) Confidence
Medium - The analysis is based on the provided context, but the evidence does not fully clarify the extent of the changes in climate policy.",2023-09-06,2025-10-22,777,10
cli_single_timeaware_evo_20260104_185110.json,2026-01-04 18:51:10,How has climate policy changed over time?,single,semantic,dense,5,evolution,True,False,2633,"1) EARLY summary
- The UK government is focused on cross-Government action to address climate risks, emphasizing a coordinated approach to climate adaptation over the next five years [E1].
- There is a recognition of the need to regain international climate leadership, with criticism of the Prime Minister's lack of interest in attending COP27 [E2].
- The government acknowledges its ambitious targets for decarbonization but admits to a lack of real means to achieve them, leading to a decline in confidence [E5].
- Existing policies are criticized for being outdated, relying on literature from the 1990s [E4].

2) LATE summary
- The UK government has announced a world-leading nationally determined contribution at COP29, emphasizing international leadership on climate change [L1].
- There is a historical context provided, noting the UK's role in passing the world's first Climate Change Act and its commitment to net zero by 2050 [L2], [L3].
- The government is now focused on winding down fossil fuels while ensuring job opportunities and support for affected communities [L4].
- There is a call to maintain climate targets and avoid backtracking, with a focus on green jobs and infrastructure [L4].

3) What changed
- The rhetoric shifted from a focus on internal adaptation and criticism of leadership to a more proactive stance on international climate commitments and leadership [E2] → [L1].
- The government has moved from acknowledging a lack of means to deliver on ambitious targets to highlighting its historical achievements and commitments in climate legislation [E5] → [L2], [L3].
- There is now a clear emphasis on the need for a just transition away from fossil fuels, incorporating job creation and community support, which was less prominent in the early window [E2] → [L4].
- The narrative has evolved from a defensive posture regarding climate leadership to a more assertive claim of being at the forefront of global climate action [E2] → [L1].

4) Evidence highlights
- ""The UK is driving forward cross-Government action to respond to climate risks"" → [E1].
- ""The UK was no longer a climate leader"" → [E2].
- ""Very ambitious targets... with no real means to deliver them"" → [E5].
- ""International leadership on climate change is critical for this Government"" → [L1].
- ""The UK became the first major economy to legislate for net zero by 2050"" → [L3].
- ""We need to wind down fossil fuels... with genuine opportunities"" → [L4].

5) Confidence
High - The analysis is based on clear and contrasting evidence from both the early and late windows, showing a significant evolution in climate policy and rhetoric.",2023-07-12,2025-10-14,825,10
cli_single_timeaware_evo_20260104_201307.json,2026-01-04 20:13:07,What are the latest debates in Parliament about immigration policy?,single,fixed,bm25,3,timeaware,True,False,1308,"The latest debates in Parliament regarding immigration policy highlight a significant divide in perspectives. One viewpoint emphasizes the need for a long-term strategic approach to immigration, suggesting that the current government is overly focused on curbing migration without considering future implications, such as potential competition for migrants in the coming decades. This perspective argues for a more imaginative and inquiry-driven approach to immigration policy, particularly in Scotland, where there is a perceived crisis in various sectors and public services that could be alleviated by attracting migrants [85211].

Additionally, there are discussions about the effectiveness of the Sentencing Council's guidelines on immigration offences, with concerns that proposed guidelines suggest substantially lower sentences than those agreed by Parliament. This has led to calls for the government to ensure that sentencing aligns with parliamentary decisions, while also clarifying that foreign national offenders can still be deported even if they receive sentences of less than 12 months [10193]. 

Overall, the debates reflect a tension between immediate policy measures aimed at controlling migration and the need for a broader, more strategic vision for the future of immigration in the UK.",,,,0
cli_single_timeaware_evo_20260104_201307.json,2026-01-04 20:13:07,What are the latest debates in Parliament about immigration policy?,single,fixed,bm25,5,timeaware,True,False,1437,"The latest debates in Parliament regarding immigration policy highlight several key issues. There is a significant focus on the need for a long-term strategic vision for immigration, with some members expressing concern that the current government is primarily focused on curbing migration rather than addressing the underlying issues that affect various sectors, including public services and housing in Scotland. There is a call for the UK Government to support measures that have political consensus in the Scottish Parliament to address these challenges [british:debates2025-04-25.txt].

Additionally, there are discussions about the effectiveness of the Sentencing Council and its proposed guidelines for immigration offences, which some argue are too lenient compared to what Parliament has agreed upon. The government has stated that it is not seeking to overturn these guidelines but emphasizes that judges retain the discretion to sentence outside the guideline range if deemed necessary [british:debates2025-04-22.txt].

Furthermore, there are ongoing concerns about illegal immigration and people-smuggling, with the government announcing new sanctions against gang leaders and efforts to enhance international cooperation to tackle these issues [british:debates2025-10-28.txt]. Overall, the debates reflect a complex interplay of immediate policy concerns and broader strategic considerations regarding immigration in the UK.",,,,0
cli_single_timeaware_evo_20260104_201307.json,2026-01-04 20:13:07,What are the latest debates in Parliament about immigration policy?,single,fixed,bm25,10,timeaware,True,False,1474,"The latest debates in Parliament about immigration policy have focused on several key issues. There is a significant discussion around the need for a long-term strategic vision for immigration, particularly in light of demographic changes and the potential future competition for migrants. Some members argue that the current government views migration primarily as a problem to be managed, rather than recognizing its potential benefits to the economy and society [british:debates2025-04-25.txt [85211,88696]].

Additionally, there is a call for the UK Government to support measures that address the specific needs of Scotland regarding immigration, as there is a consensus among Scottish political organizations that action is needed to attract migrants to fill job vacancies and support public services [british:debates2025-04-25.txt [85211,88696]].

The debates also touch on the implications of the Border Security, Asylum and Immigration Bill, with some members expressing concern that the measures proposed may not adequately address the complexities of immigration and may reflect a continuation of policies that are perceived as overly restrictive [british:debates2025-04-25.txt [65097,68799]].

Overall, the discussions highlight a divide between those who advocate for a more open and strategic approach to immigration and those who support stricter controls, reflecting broader political tensions within Parliament [british:debates2025-04-25.txt [65097,68799]].",,,,0
cli_single_timeaware_evo_20260104_201307.json,2026-01-04 20:13:07,What are the latest debates in Parliament about immigration policy?,single,fixed,dense,3,timeaware,True,False,2573,"The latest debates in Parliament about immigration policy focus on several key issues:

1. **Asylum Hotels and Accommodation**: There is significant concern regarding the use of hotels for asylum seekers, with a noted increase in their numbers since the last general election. Questions have been raised about whether the government will simply move asylum seekers from hotels to other types of accommodation, which are needed for local young people. The Home Secretary has been asked to provide assurances against this practice [british:debates2025-09-01.txt].

2. **Rights of Illegal Immigrants vs. Local Citizens**: There has been a heated discussion about the perceived prioritization of the rights of illegal immigrants over local citizens. The Home Secretary's lawyers reportedly stated that the rights of illegal immigrants are more important, which has sparked outrage among MPs and the public [british:debates2025-09-01.txt].

3. **Returns Deal with France**: The effectiveness of the Home Secretary's returns deal with France has been questioned, particularly the low number of returns expected (about 50 people a week), which critics argue will not deter illegal crossings. There are also concerns about the lack of information sharing from France regarding migrants, which complicates security checks [british:debates2025-09-01.txt].

4. **Public Safety Concerns**: There are alarming reports of criminal activities among migrants in hotels, including serious offenses. This has led to public protests and a perception that the government is failing to ensure public safety and manage immigration effectively [british:debates2025-09-01.txt].

5. **Reforms to the Asylum System**: The government is proposing major reforms to modernize the asylum system, including a complete overhaul of the appeals process, which is currently seen as a significant barrier to efficiency. The aim is to speed up decision-making and reduce the backlog of cases, with plans for a new independent body to handle appeals [british:debates2025-09-01.txt].

6. **Enforcement Against Illegal Working**: There is a focus on tackling illegal working, which is seen as a pull factor for illegal immigration. The government is working on measures to hold companies accountable for employing individuals without proper immigration status [british:debates2025-07-21.txt].

Overall, the debates reflect a contentious atmosphere regarding immigration policy, with strong opinions on both sides about how to balance the rights of immigrants with the concerns of local citizens and public safety.",,,,0
cli_single_timeaware_evo_20260104_201307.json,2026-01-04 20:13:07,What are the latest debates in Parliament about immigration policy?,single,fixed,dense,5,timeaware,True,False,1890,"The latest debates in Parliament about immigration policy focus on several contentious issues. One major point of discussion is the increase in the number of asylum hotels, which has risen by 8% since the last general election, despite previous hotel closures. There are concerns that the government may be shifting asylum seekers from hotels to other types of accommodation, which are needed for local residents, particularly young people. The Home Secretary has been criticized for prioritizing the rights of illegal immigrants over local citizens, leading to public anger and protests against the government's approach to immigration and asylum policies [british:debates2025-09-01.txt [76253,79996]].

Additionally, there is scrutiny over a new treaty with France aimed at returning individuals who arrive illegally by small boats. Critics argue that the expected return rate of only about 50 people per week is insufficient and will not deter illegal crossings. The Home Secretary has been pressed to clarify the actual number of returns that have occurred under this agreement, which has reportedly been zero so far [british:debates2025-09-01.txt [76253,79996]].

The debates also highlight the government's plans for significant reforms to the asylum system, including a complete overhaul of the appeals process, increased detention capacity, and measures to tackle illegal working. There is a push for stricter enforcement against smuggling gangs and a call for a more efficient asylum system that swiftly returns those without a genuine right to stay [british:debates2025-09-01.txt [62943,66829]].

Overall, the discussions reflect a deep divide between the government and opposition parties regarding the handling of immigration and asylum issues, with significant public concern about safety and the effectiveness of current policies [british:debates2025-09-01.txt [76253,79996]].",,,,0
cli_single_timeaware_evo_20260104_201307.json,2026-01-04 20:13:07,What are the latest debates in Parliament about immigration policy?,single,fixed,dense,10,timeaware,True,False,2718,"The latest debates in Parliament about immigration policy have focused on several contentious issues. Key points include:

1. **Asylum Hotels and Public Safety**: There has been significant concern regarding the use of hotels to accommodate asylum seekers, with claims that the number of asylum hotels has increased by 8% since the last general election. Critics argue that this situation has led to public safety crises, citing instances of criminal offenses linked to migrants in these accommodations, including serious crimes against minors. There are calls for the government to close these hotels and ensure that asylum seekers are not placed in unsuitable accommodations near schools [british:debates2025-09-01.txt [76253,79996]].

2. **Government's Immigration Strategy**: The Home Secretary has been challenged on the effectiveness of the government's immigration strategy, particularly regarding the return of illegal immigrants. Reports suggest that a deal with France would only return about 50 people a week, which critics argue is insufficient and does not act as a deterrent to illegal crossings. The government has been accused of failing to manage the situation effectively, with illegal migration reportedly up by 38% this year, marking the worst year in history for illegal crossings [british:debates2025-09-01.txt [76253,79996]].

3. **Public Sentiment and Protests**: There is a growing public sentiment against the government's handling of immigration, with 75% of the public believing the government is failing in this area. Protests have erupted in various locations, reflecting community anger over the perceived prioritization of illegal immigrants' rights over local citizens' safety and concerns [british:debates2025-09-01.txt [76253,79996]].

4. **Legislative Proposals**: The opposition has proposed more stringent measures, including disapplying the Human Rights Act in immigration matters to facilitate the immediate removal of illegal immigrants. They argue that current measures are inadequate and that a more robust approach is necessary to regain control over the borders [british:debates2025-09-01.txt [76253,79996]].

5. **Reforms to the Asylum System**: The government has indicated plans for significant reforms to the asylum system, including a complete overhaul of the appeals process and increased detention capacity. However, there is skepticism about whether these reforms will be effective in addressing the backlog and improving public safety [british:debates2025-09-01.txt [76253,79996]].

Overall, the debates reflect deep divisions over how to handle immigration and asylum issues, with significant public concern about safety and the effectiveness of current policies.",,,,0
cli_single_timeaware_evo_20260104_201307.json,2026-01-04 20:13:07,What are the latest debates in Parliament about immigration policy?,single,semantic,bm25,3,timeaware,True,False,679,"The latest debates in Parliament about immigration policy include discussions on the role of Parliament in making immigration rules, with a focus on the need for the Government to set policy. There is also concern regarding the new immigration sentencing guidelines published by the Sentencing Council, which are perceived to dilute the sentences passed by Parliament, potentially allowing many illegal migrants to avoid automatic deportation. Additionally, there are references to the impact of immigration on devolved policy areas, such as housing, particularly in Scotland, where a housing emergency has been declared by the Scottish Government [sources: 88054, 34000, 37272].",,,,0
cli_single_timeaware_evo_20260104_201307.json,2026-01-04 20:13:07,What are the latest debates in Parliament about immigration policy?,single,semantic,bm25,5,timeaware,True,False,750,"The latest debates in Parliament about immigration policy include discussions on the Border Security, Asylum and Immigration Bill, which is set for remaining stages on May 12. There are also concerns regarding the new immigration sentencing guidelines published by the Sentencing Council, which are perceived to dilute the sentences for illegal migrants, potentially allowing many to avoid automatic deportation. Additionally, there has been criticism of the Government's handling of immigration issues, including a recent immigration White Paper that was briefed outside the House, raising questions about transparency and prioritization of immigration policy within the Government's agenda [sources: 2025-04-25, 2025-06-03, 2025-06-02, 2025-05-01].",,,,0
cli_single_timeaware_evo_20260104_201307.json,2026-01-04 20:13:07,What are the latest debates in Parliament about immigration policy?,single,semantic,bm25,10,timeaware,True,False,934,"The latest debates in Parliament about immigration policy include discussions on the need for Parliament to make the rules on immigration rather than the Government, as highlighted by a member who disagreed with a decision made under the previous Government's legal framework [british:debates2025-02-12.txt]. There are also concerns regarding the new immigration sentencing guidelines published by the Sentencing Council, which may allow hundreds of illegal migrants to avoid automatic deportation [british:debates2025-06-03.txt]. Additionally, there is a push for a British Isles solution to immigration that operates outside the EU and Schengen area, emphasizing the need for a uniform UK immigration policy [british:debates2024-05-14.txt]. The upcoming parliamentary schedule includes debates on the Border Security, Asylum and Immigration Bill, indicating ongoing legislative activity in this area [british:debates2025-05-01.txt].",,,,0
cli_single_timeaware_evo_20260104_201307.json,2026-01-04 20:13:07,What are the latest debates in Parliament about immigration policy?,single,semantic,dense,3,timeaware,True,False,666,"The latest debates in Parliament about immigration policy include discussions on the government's increased deportations of foreign offenders and a review of the Immigration Act 1971. There is also a focus on clarifying the application of article 8 rights in the UK, as outlined in the immigration White Paper. Additionally, there are updates on actions taken with France to strengthen border security and reforms to the asylum system, addressing issues such as the asylum backlog and illegal working, which have been significant concerns since the government took office [british:debates2025-10-13.txt; british:debates2025-07-07.txt; british:debates2025-09-01.txt].",,,,0
cli_single_timeaware_evo_20260104_201307.json,2026-01-04 20:13:07,What are the latest debates in Parliament about immigration policy?,single,semantic,dense,5,timeaware,True,False,958,"The latest debates in Parliament about immigration policy include discussions on the government's increased deportations of foreign offenders and the review of the Immigration Act 1971. There is also a focus on the government's intention to clarify immigration rights as outlined in their immigration White Paper. Additionally, there are updates on actions taken with France to strengthen border security and reforms to the asylum system, which the government claims was previously in chaos. The Immigration Minister has been engaging with employers regarding immigration status and efforts to combat human trafficking related to small boat crossings. There are calls for significant changes, including the potential repeal of the Human Rights Act for immigration matters and adopting a more stringent approach to deporting illegal immigrants without judicial process, similar to Greece's new policy [sources: 2025-10-13, 2025-07-07, 2025-09-01, 2025-07-21].",,,,0
cli_single_timeaware_evo_20260104_201307.json,2026-01-04 20:13:07,What are the latest debates in Parliament about immigration policy?,single,semantic,dense,10,timeaware,True,False,905,"The latest debates in Parliament about immigration policy include discussions on the government's increased deportations of foreign offenders, the need for Parliament to decide who has the right to remain in the UK, and the chaos in the asylum and immigration system that the current government inherited. There are also calls for radical changes to immigration policy, including proposals to disapply the Human Rights Act for immigration matters and to deport all illegal immigrants upon arrival without judicial process. Additionally, there is a focus on banning sex offenders from the asylum system and addressing the rise in illegal crossings of the Channel, which have increased by 38% compared to the previous year. The government is also working on international arrangements to combat human trafficking and illegal immigration [sources: 2025-10-13, 2025-07-07, 2025-09-01, 2025-09-15, 2025-07-21].",,,,0
cli_single_timeaware_evo_20260104_201025.json,2026-01-04 20:10:25,What are the latest discussions in Congress about immigration reform?,single,fixed,bm25,3,timeaware,True,False,912,"The latest discussions in Congress about immigration reform focus on the need for stricter measures and accountability in the immigration system. There is a call for implementing a legally binding annual migration cap and reinstating a previous Conservative threshold for income. The current government is under scrutiny for its handling of record levels of net migration and a significant backlog in asylum claims. The opposition criticizes the government's proposed immigration White Paper as inadequate, suggesting it would only reduce net migration by 50,000, which they deem insufficient without real deterrents. Additionally, there are discussions about the need to differentiate between migration and refugees, and the importance of addressing anti-immigrant sentiment while recognizing the benefits of immigration to the economy and society [british:debates2025-06-02.txt; british:debates2025-04-25.txt].",,,,0
cli_single_timeaware_evo_20260104_201025.json,2026-01-04 20:10:25,What are the latest discussions in Congress about immigration reform?,single,fixed,bm25,5,timeaware,True,False,886,"The latest discussions in Congress about immigration reform include a focus on addressing record levels of net migration and the need for stricter measures to manage immigration effectively. There are calls for implementing a legally binding annual migration cap and reinstating a previous Conservative threshold for income requirements for visas. The government is also looking to reform family rules related to refugee family reunions and has acknowledged the need to improve visa processing times. Additionally, there is a significant concern regarding the backlog of asylum claims, which is projected to increase substantially. The discussions highlight a divide between parties, with some advocating for a more compassionate approach to immigration and others emphasizing stricter controls and accountability measures [british:debates2025-06-02.txt; british:debates2025-04-25.txt].",,,,0
cli_single_timeaware_evo_20260104_201025.json,2026-01-04 20:10:25,What are the latest discussions in Congress about immigration reform?,single,fixed,bm25,10,timeaware,True,False,915,"The latest discussions in Congress about immigration reform focus on several key issues, including the need for stricter measures to address record levels of net migration, the backlog of asylum claims, and the processing of visa applications. There is a call for concrete measures such as implementing a legally binding annual migration cap and raising the income threshold for visa applicants. The government is also looking to reform the immigration system to better align with economic needs, while addressing the challenges posed by illegal crossings and the asylum system backlog. Additionally, there are discussions about the importance of distinguishing between migration and refugees, and the need for a more compassionate approach to immigration policy, particularly regarding family reunification for refugees [british:debates2025-06-02.txt; british:debates2025-04-25.txt; british:debates2025-07-08.txt].",,,,0
cli_single_timeaware_evo_20260104_201025.json,2026-01-04 20:10:25,What are the latest discussions in Congress about immigration reform?,single,fixed,dense,3,timeaware,True,True,43,I don't know based on the retrieved chunks.,,,,0
cli_single_timeaware_evo_20260104_201025.json,2026-01-04 20:10:25,What are the latest discussions in Congress about immigration reform?,single,fixed,dense,5,timeaware,True,True,43,I don't know based on the retrieved chunks.,,,,0
cli_single_timeaware_evo_20260104_201025.json,2026-01-04 20:10:25,What are the latest discussions in Congress about immigration reform?,single,fixed,dense,10,timeaware,True,True,43,I don't know based on the retrieved chunks.,,,,0
cli_single_timeaware_evo_20260104_201025.json,2026-01-04 20:10:25,What are the latest discussions in Congress about immigration reform?,single,semantic,bm25,3,timeaware,True,True,43,I don't know based on the retrieved chunks.,,,,0
cli_single_timeaware_evo_20260104_201025.json,2026-01-04 20:10:25,What are the latest discussions in Congress about immigration reform?,single,semantic,bm25,5,timeaware,True,True,43,I don't know based on the retrieved chunks.,,,,0
cli_single_timeaware_evo_20260104_201025.json,2026-01-04 20:10:25,What are the latest discussions in Congress about immigration reform?,single,semantic,bm25,10,timeaware,True,True,43,I don't know based on the retrieved chunks.,,,,0
cli_single_timeaware_evo_20260104_201025.json,2026-01-04 20:10:25,What are the latest discussions in Congress about immigration reform?,single,semantic,dense,3,timeaware,True,True,43,I don't know based on the retrieved chunks.,,,,0
cli_single_timeaware_evo_20260104_201025.json,2026-01-04 20:10:25,What are the latest discussions in Congress about immigration reform?,single,semantic,dense,5,timeaware,True,True,43,I don't know based on the retrieved chunks.,,,,0
cli_single_timeaware_evo_20260104_201025.json,2026-01-04 20:10:25,What are the latest discussions in Congress about immigration reform?,single,semantic,dense,10,timeaware,True,True,43,I don't know based on the retrieved chunks.,,,,0
cli_single_timeaware_evo_20260104_195037.json,2026-01-04 19:50:37,What healthcare legislation was debated in Parliament in 2024?,single,fixed,bm25,3,timeaware,True,True,43,I don't know based on the retrieved chunks.,,,,0
cli_single_timeaware_evo_20260104_195037.json,2026-01-04 19:50:37,What healthcare legislation was debated in Parliament in 2024?,single,fixed,bm25,5,timeaware,True,True,43,I don't know based on the retrieved chunks.,,,,0
cli_single_timeaware_evo_20260104_195037.json,2026-01-04 19:50:37,What healthcare legislation was debated in Parliament in 2024?,single,fixed,bm25,10,timeaware,True,True,43,I don't know based on the retrieved chunks.,,,,0
cli_single_timeaware_evo_20260104_195037.json,2026-01-04 19:50:37,What healthcare legislation was debated in Parliament in 2024?,single,fixed,dense,3,timeaware,True,False,437,"In 2024, healthcare legislation debated in Parliament included a Bill to modernise the Mental Health Act, aiming to ensure it is fit for the twenty-first century. Additionally, there were measures proposed to improve the National Health Service, focusing on reducing waiting times, enhancing mental health provision for young people, and ensuring mental health receives equal attention as physical health [british:debates2024-07-17.txt].",,,,0
cli_single_timeaware_evo_20260104_195037.json,2026-01-04 19:50:37,What healthcare legislation was debated in Parliament in 2024?,single,fixed,dense,5,timeaware,True,False,686,"In 2024, healthcare legislation debated in Parliament included a Bill to modernise the Mental Health Act, aimed at ensuring it is fit for the 21st century and giving mental health the same attention as physical health. Additionally, there were discussions about measures to improve the National Health Service, focusing on reducing waiting times and enhancing mental health provision for young people. Other health-related topics included the regulation of vaping and the advertising of junk food to children, as well as the impact of national insurance changes on hospices and care services [british:debates2024-07-17.txt; british:debates2024-03-05.txt; british:debates2024-11-28.txt].",,,,0
cli_single_timeaware_evo_20260104_195037.json,2026-01-04 19:50:37,What healthcare legislation was debated in Parliament in 2024?,single,fixed,dense,10,timeaware,True,False,653,"In 2024, healthcare legislation debated in Parliament included a Bill to modernise the Mental Health Act, aimed at ensuring it is fit for the 21st century and addressing the treatment of individuals with severe mental health issues. Additionally, there were discussions about improving the National Health Service (NHS) to provide care based on need, reducing waiting times, and enhancing mental health provision for young people. The government also planned to legislate to restrict the advertising of junk food to children and to impose limits on the sale and marketing of vapes [sources: british:debates2024-07-17.txt, british:debates2024-03-05.txt].",,,,0
cli_single_timeaware_evo_20260104_195037.json,2026-01-04 19:50:37,What healthcare legislation was debated in Parliament in 2024?,single,semantic,bm25,3,timeaware,True,True,43,I don't know based on the retrieved chunks.,,,,0
cli_single_timeaware_evo_20260104_195037.json,2026-01-04 19:50:37,What healthcare legislation was debated in Parliament in 2024?,single,semantic,bm25,5,timeaware,True,True,43,I don't know based on the retrieved chunks.,,,,0
cli_single_timeaware_evo_20260104_195037.json,2026-01-04 19:50:37,What healthcare legislation was debated in Parliament in 2024?,single,semantic,bm25,10,timeaware,True,True,43,I don't know based on the retrieved chunks.,,,,0
cli_single_timeaware_evo_20260104_195037.json,2026-01-04 19:50:37,What healthcare legislation was debated in Parliament in 2024?,single,semantic,dense,3,timeaware,True,False,387,"The healthcare legislation debated in Parliament in 2024 focused on improving the National Health Service (NHS) by providing care based on need regardless of the ability to pay, reducing waiting times, focusing on prevention, and improving mental health provision for young people. It emphasized giving mental health the same attention as physical health [british:debates2024-07-17.txt].",,,,0
cli_single_timeaware_evo_20260104_195037.json,2026-01-04 19:50:37,What healthcare legislation was debated in Parliament in 2024?,single,semantic,dense,5,timeaware,True,False,385,"In 2024, healthcare legislation debated in Parliament included efforts to improve the National Health Service (NHS) by reducing waiting times, focusing on prevention, and enhancing mental health provision for young people. Additionally, there was a proposal to modernize the Mental Health Act to make it more suitable for the 21st century [british:debates2024-07-17.txt [39419,39995]].",,,,0
cli_single_timeaware_evo_20260104_195037.json,2026-01-04 19:50:37,What healthcare legislation was debated in Parliament in 2024?,single,semantic,dense,10,timeaware,True,False,495,"In 2024, healthcare legislation debated in Parliament included efforts to modernize the Mental Health Act and improve the National Health Service (NHS) by reducing waiting times, focusing on prevention, and enhancing mental health provision for young people. Additionally, there was a discussion about a Bill related to the treatment of rare types of cancer, which aimed to incentivize research and investment in that area [sources: british:debates2024-07-17.txt, british:debates2024-10-16.txt].",,,,0
cli_single_timeaware_evo_20260104_194845.json,2026-01-04 19:48:45,What healthcare legislation was discussed in Congress in 2024?,single,fixed,bm25,3,timeaware,True,False,498,"In 2024, Congress discussed healthcare legislation related to the unsustainable trajectory of federal health spending and the impact of healthcare consolidation. A hearing evaluated the budgetary effects of these consolidations, highlighting issues such as increased federal health spending, higher patient costs, and decreased quality of care. The discussion emphasized the need for policies that promote greater choice, affordability, and quality of care for citizens [source: us:2024-08-13.txt].",,,,0
cli_single_timeaware_evo_20260104_194845.json,2026-01-04 19:48:45,What healthcare legislation was discussed in Congress in 2024?,single,fixed,bm25,5,timeaware,True,False,644,"In 2024, Congress discussed the ""Gold Star Spouse Healthcare Enhancement Act,"" which aims to expand healthcare benefits for Gold Star spouses by removing the three-year limitation on their TRICARE coverage after the death of their servicemember. This legislation seeks to allow these spouses to remain in ""active-duty family member"" status, thereby reducing their healthcare costs and burden [source: us:2024-10-11.txt [9460,14001]]. Additionally, there were discussions regarding healthcare consolidation and its impact on costs and quality of care, as highlighted in a House Budget Committee hearing [source: us:2024-08-13.txt [26603,31256]].",,,,0
cli_single_timeaware_evo_20260104_194845.json,2026-01-04 19:48:45,What healthcare legislation was discussed in Congress in 2024?,single,fixed,bm25,10,timeaware,True,False,847,"In 2024, Congress discussed several healthcare-related pieces of legislation, including the ""Gold Star Spouse Healthcare Enhancement Act,"" which aims to expand healthcare benefits for Gold Star spouses by removing the three-year limitation on their TRICARE coverage after the death of their servicemember spouse [source: us:2024-10-11.txt]. Additionally, there was a focus on addressing the unsustainable trajectory of federal health spending and the impact of healthcare consolidation, which has led to increased costs and decreased quality of care for patients [source: us:2024-08-13.txt]. Another significant piece of legislation mentioned was the ""Not Just a Number Act,"" which seeks to expand the Department of Veterans Affairs' approach to studying veteran suicide data, considering various socioeconomic factors [source: us:2024-11-19.txt].",,,,0
cli_single_timeaware_evo_20260104_194845.json,2026-01-04 19:48:45,What healthcare legislation was discussed in Congress in 2024?,single,fixed,dense,3,timeaware,True,False,487,"In 2024, Congress discussed the ""Promoting Healthier Lifelong Improvements in Food and Exercise Act of 2024,"" also known as the LIFE Act. This legislation aims to establish a national program to combat overweight and obesity, which is a significant health issue in the United States. The bill proposes to allocate $75 million to the Centers for Disease Control and Prevention (CDC) for a coordinated effort to address sedentary lifestyles and unhealthy diets [source: us:2024-08-06.txt].",,,,0
cli_single_timeaware_evo_20260104_194845.json,2026-01-04 19:48:45,What healthcare legislation was discussed in Congress in 2024?,single,fixed,dense,5,timeaware,True,False,890,"In 2024, Congress discussed several healthcare-related pieces of legislation, including:

1. The **Promoting Healthier Lifelong Improvements in Food and Exercise Act of 2024** (LIFE Act), introduced by Eleanor Holmes Norton. This bill aims to establish a national program to combat overweight and obesity, providing $75 million to the CDC for a coordinated effort to promote healthier lifestyles and diets [source: us:2024-08-06.txt].

2. The **Ensuring Child Health Coverage Compensation in Divorce Act of 2024**, also introduced by Eleanor Holmes Norton. This bill would require health insurers to reimburse a parent for out-of-pocket medical expenses for a child when the other parent is court-ordered to provide health insurance [source: us:2024-08-13.txt].

These pieces of legislation reflect ongoing efforts to address public health issues and improve healthcare access and coverage.",,,,0
cli_single_timeaware_evo_20260104_194845.json,2026-01-04 19:48:45,What healthcare legislation was discussed in Congress in 2024?,single,fixed,dense,10,timeaware,True,False,1243,"In 2024, Congress discussed several healthcare-related pieces of legislation, including:

1. The **Promoting Healthier Lifelong Improvements in Food and Exercise Act of 2024** (LIFE Act), which aims to combat overweight and obesity by establishing a national program and providing $75 million to the CDC for a coordinated effort to promote healthier lifestyles [source: us:2024-08-06.txt].

2. The **Ensuring Child Health Coverage Compensation in Divorce Act of 2024**, which would require health insurers to reimburse a parent for out-of-pocket medical expenses for a child when the other parent is court-ordered to provide health insurance [source: us:2024-08-13.txt].

3. The **Fairness in Federal Bureau of Prisons Medical Care Act of 2024**, which seeks to eliminate the copay that individuals in federal custody must pay when visiting a healthcare provider, aiming to encourage early medical treatment [source: us:2024-07-08.txt].

4. The **Elizabeth Dole 21st Century Veterans Healthcare and Benefits Improvement Act** (H.R. 8371), which focuses on improving healthcare and benefits for veterans [source: us:2024-11-19.txt].

These pieces of legislation reflect ongoing efforts to address various healthcare issues in the United States.",,,,0
cli_single_timeaware_evo_20260104_194845.json,2026-01-04 19:48:45,What healthcare legislation was discussed in Congress in 2024?,single,semantic,bm25,3,timeaware,True,False,160,"The healthcare legislation discussed in Congress in 2024 includes the ADINA Act, which was introduced in 2023 and focuses on food allergies [us:2024-03-06.txt].",,,,0
cli_single_timeaware_evo_20260104_194845.json,2026-01-04 19:48:45,What healthcare legislation was discussed in Congress in 2024?,single,semantic,bm25,5,timeaware,True,False,294,"In 2024, the healthcare legislation discussed in Congress included the ""Gold Star Spouse Healthcare Enhancement Act"" [source: 2024-10-11.txt]. Additionally, there was mention of the ADINA Act, which was introduced in 2023 and discussed in the context of food allergies [source: 2024-03-06.txt].",,,,0
cli_single_timeaware_evo_20260104_194845.json,2026-01-04 19:48:45,What healthcare legislation was discussed in Congress in 2024?,single,semantic,bm25,10,timeaware,True,False,381,"In 2024, the healthcare legislation discussed in Congress included the ""Gold Star Spouse Healthcare Enhancement Act"" and the ""ADINA Act,"" which was introduced in 2023. Additionally, Congresswoman Bush has been active in advocating for systemic inequities in healthcare, although specific bills were not detailed in the context provided [source: 2024-10-11, 2024-12-12, 2024-03-06].",,,,0
cli_single_timeaware_evo_20260104_194845.json,2026-01-04 19:48:45,What healthcare legislation was discussed in Congress in 2024?,single,semantic,dense,3,timeaware,True,False,586,"In 2024, Congress discussed several healthcare-related pieces of legislation, including bills to amend the Public Health Service Act to reauthorize various programs such as the Emergency Medical Services for Children program, poison control programs, the BOLD Infrastructure for Alzheimer's Act, and lifespan respite care programs [source: us:2024-05-20.txt]. Additionally, there was a hearing focused on the unsustainable trajectory of federal health spending, addressing issues related to hospital mergers, increased patient costs, and the quality of care [source: us:2024-08-13.txt].",,,,0
cli_single_timeaware_evo_20260104_194845.json,2026-01-04 19:48:45,What healthcare legislation was discussed in Congress in 2024?,single,semantic,dense,5,timeaware,True,False,869,"In 2024, Congress discussed several healthcare-related pieces of legislation, including:

1. A bill to amend the Public Health Service Act to reauthorize the Emergency Medical Services for Children program, as well as other programs related to poison control, Alzheimer's infrastructure, and lifespan respite care [source: us:2024-05-20.txt].

2. The Ensuring Child Health Coverage Compensation in Divorce Act of 2024, which would require that when a court orders a non-custodial parent to provide health insurance for a child, the other parent can be reimbursed directly from the insurer for out-of-pocket medical expenses incurred for the child [source: us:2024-08-13.txt]. 

Additionally, there were discussions about the unsustainable trajectory of federal health spending and the impact of hospital mergers on costs and quality of care [source: us:2024-08-13.txt].",,,,0
cli_single_timeaware_evo_20260104_194845.json,2026-01-04 19:48:45,What healthcare legislation was discussed in Congress in 2024?,single,semantic,dense,10,timeaware,True,False,1244,"In 2024, several healthcare legislation items were discussed in Congress, including:

1. The **Ensuring Child Health Coverage Compensation in Divorce Act of 2024**, which aims to require that non-custodial parents who are court-ordered to provide health insurance for a child can have the other parent reimbursed directly from the insurer for out-of-pocket medical expenses incurred for the child [source: us:2024-08-13.txt].

2. The **Promoting Healthier Lifelong Improvements in Food and Exercise Act of 2024 (LIFE Act)**, which seeks to establish a national program to combat overweight and obesity, addressing a significant health issue in the U.S. [source: us:2024-08-06.txt].

3. Various bills to amend the Public Health Service Act, including reauthorizations for programs related to emergency medical services for children, poison control, and Alzheimer’s infrastructure [source: us:2024-05-20.txt].

4. The **Elizabeth Dole 21st Century Veterans Healthcare and Benefits Improvement Act**, which was also introduced in 2024 [source: us:2024-11-19.txt].

Additionally, there were hearings scheduled to examine high prices for diabetes and obesity medications, specifically focusing on Novo Nordisk's products [source: us:2024-09-11.txt].",,,,0
cli_single_timeaware_evo_20260104_204439.json,2026-01-04 20:44:39,What is the current official position of Congress regarding Hamas/Gaza?,single,fixed,bm25,3,timeaware,True,False,648,"The current official position of Congress regarding Hamas and Gaza emphasizes the need for Hamas to disarm and acknowledges the threat it poses to Palestinians, Israelis, and the wider world. The UK government has been clear in its condemnation of Hamas, which is sanctioned as a terrorist organization. There are ongoing discussions about transitional governance in Gaza and the necessary security arrangements to follow. The UK is also involved in efforts to support the disarming of Hamas and to ensure that aid reaches those in need in Gaza, while also addressing the complexities of the situation on the ground [british:debates2025-10-29.txt].",,,,0
cli_single_timeaware_evo_20260104_204439.json,2026-01-04 20:44:39,What is the current official position of Congress regarding Hamas/Gaza?,single,fixed,bm25,5,timeaware,True,False,734,"The current official position of Congress regarding Hamas and Gaza emphasizes the need for a ceasefire and the disarmament of Hamas. The UK Government has been clear about the threat that Hamas poses to Palestinians, Israelis, and the wider world, and it is sanctioned as a terrorist organization. The UK is engaged in discussions about transitional governance in Gaza and the necessary security arrangements to eliminate Hamas and its infrastructure. There is a strong diplomatic push, including support from the Arab League, for Hamas to release hostages and disarm. The UK is also focused on ensuring humanitarian aid reaches those in need in Gaza while navigating the complexities of the situation [british:debates2025-10-29.txt].",,,,0
cli_single_timeaware_evo_20260104_204439.json,2026-01-04 20:44:39,What is the current official position of Congress regarding Hamas/Gaza?,single,fixed,bm25,10,timeaware,True,False,774,"The current official position of Congress regarding Hamas and Gaza emphasizes the need for Hamas to disarm and acknowledges the threat it poses to both Palestinians and Israelis. The UK Government has condemned Hamas as a terrorist organization and is actively engaged in discussions about disarming Hamas and ensuring it has no role in the future governance of Gaza. There is a strong call for Hamas to release hostages and adhere to ceasefire terms, with the UK working alongside international partners to support these efforts. The UK has also recognized the importance of a peace plan that excludes Hamas from governance in Gaza and Palestine, highlighting the necessity of transitional governance and security arrangements in the region [british:debates2025-10-29.txt].",,,,0
cli_single_timeaware_evo_20260104_204439.json,2026-01-04 20:44:39,What is the current official position of Congress regarding Hamas/Gaza?,single,fixed,dense,3,timeaware,True,False,674,"The current official position of Congress regarding Hamas and Gaza emphasizes the need for a ceasefire and the importance of ensuring that Hamas complies with the terms of the ceasefire. There is a strong condemnation of Hamas's actions, including their execution of individuals and disruption of aid, which are described as sickening and shocking. The UK Government is committed to working with international partners to dismantle Hamas's terrorist infrastructure and ensure the return of hostages. The focus is on maintaining the ceasefire, increasing aid to Gaza, and addressing the threat posed by Hamas to both Palestinians and Israelis [british:debates2025-10-29.txt].",,,,0
cli_single_timeaware_evo_20260104_204439.json,2026-01-04 20:44:39,What is the current official position of Congress regarding Hamas/Gaza?,single,fixed,dense,5,timeaware,True,False,796,"The current official position of Congress regarding Hamas and Gaza emphasizes the need for a ceasefire and a sustainable peace initiative. The UK Government has condemned Hamas for their actions, including summary executions and the hoarding of aid, and has stated that Hamas poses a significant threat to both Palestinians and Israelis. The UK is committed to working with international partners to disarm Hamas and eliminate its terrorist infrastructure. There is a focus on ensuring humanitarian aid reaches Gaza and maintaining the ceasefire, while also addressing the complexities of governance and security in the region. The UK Government has made it clear that Hamas, as a terrorist organization, must not be involved in the future governance of Palestine [british:debates2025-10-29.txt].",,,,0
cli_single_timeaware_evo_20260104_204439.json,2026-01-04 20:44:39,What is the current official position of Congress regarding Hamas/Gaza?,single,fixed,dense,10,timeaware,True,False,662,"The current official position of Congress regarding Hamas and Gaza emphasizes the need for a ceasefire and a sustainable peace initiative. The UK government has condemned Hamas as a terrorist organization and is focused on ensuring that they are disarmed and that their infrastructure is dismantled. The UK is also working with international partners to support transitional governance in Gaza and to facilitate humanitarian aid. There is a clear stance that Hamas must not be part of any future governance of Palestine, and the UK is committed to pressing for the return of deceased hostages and the adherence to ceasefire terms [british:debates2025-10-29.txt].",,,,0
cli_single_timeaware_evo_20260104_204439.json,2026-01-04 20:44:39,What is the current official position of Congress regarding Hamas/Gaza?,single,semantic,bm25,3,timeaware,True,True,43,I don't know based on the retrieved chunks.,,,,0
cli_single_timeaware_evo_20260104_204439.json,2026-01-04 20:44:39,What is the current official position of Congress regarding Hamas/Gaza?,single,semantic,bm25,5,timeaware,True,True,790,"The current official position of Congress regarding Hamas and Gaza is not explicitly stated in the provided context. However, it is indicated that there is a strong emphasis on the disarmament of Hamas and the elimination of its terrorist infrastructure in Gaza, as well as a recognition of the need for Hamas to lay down arms and relinquish power. The UK government is actively involved in proposing ways to support this disarmament process and is also focused on rebuilding relationships with Israel while addressing humanitarian aid to Gaza. The context suggests a collaborative international effort to influence Hamas's actions and ensure stability in the region, but it does not provide specific details about Congress's position. Therefore, I don't know based on the retrieved chunks.",,,,0
cli_single_timeaware_evo_20260104_204439.json,2026-01-04 20:44:39,What is the current official position of Congress regarding Hamas/Gaza?,single,semantic,bm25,10,timeaware,True,False,571,"The current official position of Congress regarding Hamas and Gaza emphasizes that Hamas must be disarmed and that there can be no role for Hamas in the future governance of Gaza. The UK government, as reflected in the discussions, has consistently described Hamas as a ""barbaric terrorist organization"" and is committed to ensuring that Gaza is free of Hamas and that it is disarmed. Additionally, there is a strong diplomatic push, including support from the Arab League, to influence Hamas to lay down arms and relinquish power in Gaza [british:debates2025-10-29.txt].",,,,0
cli_single_timeaware_evo_20260104_204439.json,2026-01-04 20:44:39,What is the current official position of Congress regarding Hamas/Gaza?,single,semantic,dense,3,timeaware,True,False,497,"The current official position of Congress regarding Hamas and Gaza is that Hamas is recognized as a terrorist organization, and there is a clear stance that Hamas must be removed from the situation for any lasting peace to be achieved. The discussions are ongoing about transitional governance in Gaza and the necessary security arrangements, with a consensus that Hamas can play no role in the future governance of Gaza or Palestine [british:debates2025-10-29.txt][british:debates2025-10-28.txt].",,,,0
cli_single_timeaware_evo_20260104_204439.json,2026-01-04 20:44:39,What is the current official position of Congress regarding Hamas/Gaza?,single,semantic,dense,5,timeaware,True,False,699,"The current official position of Congress regarding Hamas and Gaza is that Hamas is recognized as a terrorist organization, posing a significant threat to Palestinians, Israelis, and the wider world. There is a clear stance that Hamas must disarm and cannot play a role in the future governance of Gaza or Palestine. The discussions are ongoing regarding transitional governance in Gaza and the necessary security arrangements that need to follow. Additionally, there is a consensus among various countries, including the Arab League, that Hamas should be removed from the situation to achieve lasting peace [british:debates2025-10-29.txt [61571,62125]; british:debates2025-10-28.txt [12865,13320]].",,,,0
cli_single_timeaware_evo_20260104_204439.json,2026-01-04 20:44:39,What is the current official position of Congress regarding Hamas/Gaza?,single,semantic,dense,10,timeaware,True,False,690,"The current official position of Congress regarding Hamas and Gaza emphasizes that Hamas is recognized as a terrorist organization and must be disarmed, as it poses a threat to Palestinians, Israelis, and the wider world. There is a clear stance that Hamas can have no role in the future governance of Gaza or Palestine, and discussions are ongoing about transitional governance and security arrangements in Gaza. The UK government is also focused on ensuring the unrestricted flow of aid into Gaza and has condemned the actions of Hamas while calling for a peace plan that includes the disarmament of Hamas as a crucial step towards achieving lasting peace [british:debates2025-10-29.txt].",,,,0
cli_single_timeaware_evo_20260104_204619.json,2026-01-04 20:46:19,What is the current official position of Parliament regarding Hamas/Gaza?,single,fixed,bm25,3,timeaware,True,False,703,"The current official position of Parliament regarding Hamas and Gaza emphasizes the need for a ceasefire and a sustainable end to the conflict. The UK Government has condemned Hamas for their actions, including summary executions, hoarding aid, and failing to disarm. The UK is actively working with partners to address the threat posed by Hamas, which is sanctioned as a terrorist organization. The Government is also involved in discussions about transitional governance in Gaza and the establishment of an international security force to ensure stability. Additionally, there is a focus on increasing aid to Gaza and addressing the humanitarian needs of its residents [british:debates2025-10-29.txt].",,,,0
cli_single_timeaware_evo_20260104_204619.json,2026-01-04 20:46:19,What is the current official position of Parliament regarding Hamas/Gaza?,single,fixed,bm25,5,timeaware,True,False,912,"The current official position of Parliament regarding Hamas and Gaza emphasizes the need for a ceasefire and a sustainable end to the conflict. The UK Government has condemned Hamas for their actions, including the hoarding and disruption of aid, summary executions, and their refusal to disarm. The UK is actively working with international partners to exert pressure on Hamas to comply with ceasefire terms and to support the disarming of Hamas and the terrorist infrastructure in Gaza. The UK also recognizes Hamas as a terrorist organization and is engaged in discussions about transitional governance and security arrangements in Gaza. There is a clear stance that Hamas must not have a role in the future governance of Gaza, and the UK is committed to supporting a peace process that includes the recognition of a Palestinian state, contingent upon the disarmament of Hamas [british:debates2025-10-29.txt].",,,,0
cli_single_timeaware_evo_20260104_204619.json,2026-01-04 20:46:19,What is the current official position of Parliament regarding Hamas/Gaza?,single,fixed,bm25,10,timeaware,True,False,779,"The current official position of Parliament regarding Hamas and Gaza is one of condemnation towards Hamas as a terrorist organization. The UK Government has expressed a commitment to supporting a ceasefire and a wider peace initiative, emphasizing the need for Hamas to disarm and cease its violent actions, including the hoarding and disruption of aid in Gaza. The UK is actively engaged in discussions about transitional governance in Gaza and the disarming of Hamas, which is seen as essential for achieving lasting peace. The Government has also highlighted the importance of ensuring that Hamas has no role in the future governance of Gaza or Palestine, as reiterated by the Arab League's call for Hamas to lay down arms and relinquish power [british:debates2025-10-29.txt].",,,,0
cli_single_timeaware_evo_20260104_204619.json,2026-01-04 20:46:19,What is the current official position of Parliament regarding Hamas/Gaza?,single,fixed,dense,3,timeaware,True,False,659,"The current official position of Parliament regarding Hamas and Gaza emphasizes the need for a ceasefire and a sustainable end to the conflict. The UK Government has condemned the actions of Hamas, describing them as a terrorist organization and highlighting their violent actions, such as summary executions and the hoarding of aid, as unacceptable. The UK is actively working with partners to address the threat posed by Hamas, including discussions on disarming Hamas and transitional governance in Gaza. The Government is also focused on ensuring that the ceasefire holds and that aid is delivered to those in need in Gaza [british:debates2025-10-29.txt].",,,,0
cli_single_timeaware_evo_20260104_204619.json,2026-01-04 20:46:19,What is the current official position of Parliament regarding Hamas/Gaza?,single,fixed,dense,5,timeaware,True,False,690,"The current official position of Parliament regarding Hamas and Gaza emphasizes the need for a ceasefire and a sustainable end to the conflict. The UK Government has condemned the actions of Hamas, describing them as terrorist acts, and is focused on ensuring compliance with ceasefire terms, disarming Hamas, and addressing the humanitarian situation in Gaza. The UK is also involved in discussions about transitional governance in Gaza and is taking steps to increase aid delivery. The Government has made it clear that Hamas poses a significant threat to both Palestinians and Israelis, and it is working with international partners to address this issue [british:debates2025-10-29.txt].",,,,0
cli_single_timeaware_evo_20260104_204619.json,2026-01-04 20:46:19,What is the current official position of Parliament regarding Hamas/Gaza?,single,fixed,dense,10,timeaware,True,False,694,"The current official position of Parliament regarding Hamas and Gaza emphasizes the need for a ceasefire and a pathway to lasting peace. The UK government has condemned Hamas for its actions, including summary executions and the hoarding of aid, and has stated that Hamas poses a significant threat to both Palestinians and Israelis. The UK is committed to working with international partners to disarm Hamas and eliminate its terrorist infrastructure. Additionally, the government is focused on ensuring humanitarian aid reaches those in need in Gaza and is actively involved in discussions about transitional governance and security arrangements in the region [british:debates2025-10-29.txt].",,,,0
cli_single_timeaware_evo_20260104_204619.json,2026-01-04 20:46:19,What is the current official position of Parliament regarding Hamas/Gaza?,single,semantic,bm25,3,timeaware,True,False,602,"The current official position of Parliament regarding Hamas and Gaza emphasizes that Hamas must disarm and that there can be no place for Hamas in the future of Gaza. The UK is actively proposing ways to assist in the disarming and elimination of Hamas and its terrorist infrastructure in Gaza, leveraging expertise built over many years. Additionally, there has been a significant diplomatic effort, highlighted by the Arab League's call for Hamas to release hostages, lay down arms, and relinquish power in Gaza, which the UK supports through its diplomatic relations [british:debates2025-10-29.txt].",,,,0
cli_single_timeaware_evo_20260104_204619.json,2026-01-04 20:46:19,What is the current official position of Parliament regarding Hamas/Gaza?,single,semantic,bm25,5,timeaware,True,False,767,"The current official position of Parliament regarding Hamas and Gaza emphasizes the need for Hamas to disarm and acknowledges that there can be no future for Hamas in Gaza. The UK government is actively proposing ways to assist in the disarming and elimination of Hamas and its terrorist infrastructure. Additionally, there is recognition of the importance of diplomatic relations and the role of international partners in influencing Hamas's actions, particularly in light of a recent declaration from the Arab League calling for Hamas to release hostages and lay down arms. The UK is also focused on rebuilding its relationship with Israel while addressing the humanitarian situation in Gaza and the implications of aid distribution [british:debates2025-10-29.txt].",,,,0
cli_single_timeaware_evo_20260104_204619.json,2026-01-04 20:46:19,What is the current official position of Parliament regarding Hamas/Gaza?,single,semantic,bm25,10,timeaware,True,False,688,"The current official position of Parliament regarding Hamas and Gaza is that Hamas is considered a ""barbaric terrorist organisation"" with no role in the future governance of Gaza or Palestine. The UK government is committed to the disarmament of Hamas and has been working with international partners to support this process. There is a clear stance that Gaza must be free of Hamas, and the UK is involved in efforts to ensure that humanitarian aid reaches Gaza while also addressing the need for the release of hostages and the establishment of transitional governance arrangements in the region [british:debates2025-10-28.txt [12865,13320]; british:debates2025-10-29.txt [57368,57826]].",,,,0
cli_single_timeaware_evo_20260104_204619.json,2026-01-04 20:46:19,What is the current official position of Parliament regarding Hamas/Gaza?,single,semantic,dense,3,timeaware,True,False,595,"The current official position of Parliament regarding Hamas is that it is recognized as a terrorist organization, and there is a clear stance that Hamas must disarm, with no place for it in the future of Gaza. The UK government is engaged in discussions about transitional governance in Gaza and is taking measures to address the threat posed by Hamas to Palestinians, Israelis, and the wider world. Additionally, the UK is offering support for the decommissioning of weapons and the disarming of Hamas as part of the peace process [british:debates2025-10-29.txt; british:debates2025-10-28.txt].",,,,0
cli_single_timeaware_evo_20260104_204619.json,2026-01-04 20:46:19,What is the current official position of Parliament regarding Hamas/Gaza?,single,semantic,dense,5,timeaware,True,False,782,"The current official position of Parliament regarding Hamas and Gaza is that Hamas is recognized as a terrorist organization, and there is a clear stance that Hamas must disarm and cannot have a role in the future governance of Gaza or Palestine. The UK government is actively engaged in discussions about transitional governance in Gaza and is taking measures to support the disarming of Hamas as part of the peace process. The UK has also been offering support for the decommissioning of weapons and is involved in negotiations aimed at eliminating Hamas and its terrorist infrastructure in Gaza [british:debates2025-10-29.txt [68846,69545]; [british:debates2025-10-29.txt [61571,62125]; [british:debates2025-10-28.txt [13321,13875]; [british:debates2025-10-28.txt [12865,13320]].",,,,0
cli_single_timeaware_evo_20260104_204619.json,2026-01-04 20:46:19,What is the current official position of Parliament regarding Hamas/Gaza?,single,semantic,dense,10,timeaware,True,False,714,"The current official position of Parliament regarding Hamas is that it is recognized as a terrorist organization, and there is a clear stance that Hamas must disarm and cannot play a role in the future governance of Gaza or Palestine. The UK government is actively engaged in discussions about the disarming of Hamas and is proposing various ways to assist in this process. Additionally, there is a focus on ensuring the unrestricted flow of aid into Gaza and addressing the humanitarian situation while maintaining pressure on Hamas to eliminate its terrorist infrastructure [british:debates2025-10-29.txt [68846,69545]; [british:debates2025-10-28.txt [12865,13320]; [british:debates2025-10-29.txt [56822,57367]].",,,,0
cli_single_timeaware_evo_20260104_200540.json,2026-01-04 20:05:40,What is the current official position of the British Parliament regarding the State of Israel?,single,fixed,bm25,3,timeaware,True,False,898,"The current official position of the British Parliament regarding the State of Israel emphasizes support for a ceasefire and a wider peace initiative in the context of the ongoing conflict involving Hamas. The UK government is focused on ensuring that the ceasefire holds and transitions into a sustainable end to the conflict. It has condemned the actions of Hamas, describing them as a threat to both Palestinians and Israelis, and is actively discussing measures to disarm Hamas and address the security situation in Gaza. The UK is also committed to increasing aid to Gaza and has been involved in discussions about the future role of the United Nations Relief and Works Agency (UNRWA) in the region. Overall, the UK government seeks to maintain a partnership with Israel while addressing the complexities of the situation in Gaza and the threats posed by Hamas [british:debates2025-10-29.txt].",,,,0
cli_single_timeaware_evo_20260104_200540.json,2026-01-04 20:05:40,What is the current official position of the British Parliament regarding the State of Israel?,single,fixed,bm25,5,timeaware,True,False,792,"The current official position of the British Parliament regarding the State of Israel emphasizes the need for a ceasefire and the delivery of humanitarian aid, while also expressing concern over the actions of Hamas. The UK Government has called for Israel to lift aid restrictions and has condemned the violence and suffering in Gaza. There is a clear stance against the forced displacement of Palestinians and a commitment to uphold international law, including obligations under the genocide convention. The UK is also involved in discussions about transitional governance in Gaza and the disarming of Hamas, while maintaining a focus on the security of its own interests and the broader region [british:debates2025-10-29.txt; british:debates2025-06-23.txt; british:debates2025-05-14.txt].",,,,0
cli_single_timeaware_evo_20260104_200540.json,2026-01-04 20:05:40,What is the current official position of the British Parliament regarding the State of Israel?,single,fixed,bm25,10,timeaware,True,False,928,"The current official position of the British Parliament regarding the State of Israel emphasizes support for a ceasefire and a pathway to lasting peace, while also expressing concerns about the actions of Hamas and the situation in Gaza. The UK Government has condemned Hamas as a terrorist organization and is engaged in discussions about disarming Hamas and addressing the humanitarian crisis in Gaza. Additionally, the UK does not accept trade with Israeli settlements on the same basis as trade with Israel and is working to ensure compliance with international obligations regarding the status of the Occupied Palestinian Territories. The Government has also recognized the need for a two-state solution and has called for the release of hostages held by Hamas, while condemning violence from both sides in the conflict [sources: british:debates2025-10-29.txt, british:debates2025-10-28.txt, british:debates2025-09-02.txt].",,,,0
cli_single_timeaware_evo_20260104_200540.json,2026-01-04 20:05:40,What is the current official position of the British Parliament regarding the State of Israel?,single,fixed,dense,3,timeaware,True,False,814,"The current official position of the British Parliament regarding the State of Israel includes condemnation of Israel's actions that violate international law, particularly in relation to its recent military strikes, including those on Qatar. The UK Government expects Israel to abide by international law and has supported motions for urgent sessions at the UN Security Council to address these issues. There is also a commitment to recognize a state of Palestine if Israel fails to meet certain conditions, although it is not clear if those conditions have been met. The UK has taken steps such as suspending arms sales and imposing sanctions on extremist figures within the Israeli Government, reflecting a strong stance against actions deemed as violations of international law [british:debates2025-09-10.txt].",,,,0
cli_single_timeaware_evo_20260104_200540.json,2026-01-04 20:05:40,What is the current official position of the British Parliament regarding the State of Israel?,single,fixed,dense,5,timeaware,True,False,956,"The current official position of the British Parliament regarding the State of Israel includes condemnation of Israel's actions that violate international law, particularly in relation to its military strikes on Qatar and the ongoing situation in Gaza. The UK Government expects Israel to abide by international law and has supported motions at the UN Security Council addressing these issues. There is also a commitment to recognizing a state of Palestine if Israel fails to meet certain conditions, although it is not clear if those conditions have been met yet. The UK has taken steps such as suspending arms sales to Israel and imposing sanctions on extremist figures within the Israeli Government. Overall, the UK Government expresses a desire for a two-state solution and emphasizes the need for peace negotiations while condemning acts of violence from both sides, including those by Hamas and the Israeli government [british:debates2025-09-10.txt].",,,,0
cli_single_timeaware_evo_20260104_200540.json,2026-01-04 20:05:40,What is the current official position of the British Parliament regarding the State of Israel?,single,fixed,dense,10,timeaware,True,False,836,"The current official position of the British Parliament regarding the State of Israel emphasizes a commitment to a two-state solution and recognition of Palestine as a sovereign state. The UK has provided significant aid to the Palestinian people and has announced sanctions against the Israeli government in response to actions in the occupied territories. The UK government has also expressed concerns about Israeli actions that violate international law and has called for accountability regarding violence in the region. Additionally, there is ongoing discussion about the need for further measures to deter Israeli aggression and support for Palestinian statehood, with the government indicating that it is keeping trade policies under review in light of these issues [british:debates2025-10-28.txt; british:debates2025-10-29.txt].",,,,0
cli_single_timeaware_evo_20260104_200540.json,2026-01-04 20:05:40,What is the current official position of the British Parliament regarding the State of Israel?,single,semantic,bm25,3,timeaware,True,True,43,I don't know based on the retrieved chunks.,,,,0
cli_single_timeaware_evo_20260104_200540.json,2026-01-04 20:05:40,What is the current official position of the British Parliament regarding the State of Israel?,single,semantic,bm25,5,timeaware,True,True,43,I don't know based on the retrieved chunks.,,,,0
cli_single_timeaware_evo_20260104_200540.json,2026-01-04 20:05:40,What is the current official position of the British Parliament regarding the State of Israel?,single,semantic,bm25,10,timeaware,True,True,43,I don't know based on the retrieved chunks.,,,,0
cli_single_timeaware_evo_20260104_200540.json,2026-01-04 20:05:40,What is the current official position of the British Parliament regarding the State of Israel?,single,semantic,dense,3,timeaware,True,False,775,"The current official position of the British Parliament regarding the State of Israel includes condemnation of actions taken by the Israeli Prime Minister, Benjamin Netanyahu, which are viewed as violations of international law and diplomacy. The UK Government has suspended arms sales to Israel and imposed sanctions on extremist figures within the Israeli Government. Additionally, there is support for the recognition of Palestine as a state, contingent on the Israeli Government taking urgent steps to address the situation in Gaza and committing to a long-term peace. The Parliament emphasizes that any future Palestinian state must not pose a threat to Israel, advocating for a two-state solution where both states can live in safety and security [70494, 78473, 62311].",,,,0
cli_single_timeaware_evo_20260104_200540.json,2026-01-04 20:05:40,What is the current official position of the British Parliament regarding the State of Israel?,single,semantic,dense,5,timeaware,True,False,702,"The current official position of the British Parliament regarding the State of Israel includes condemnation of actions taken by the Israeli government, particularly under Prime Minister Benjamin Netanyahu, which are viewed as violations of international law and detrimental to peace efforts. The UK government has suspended arms sales to Israel and is considering further sanctions. Additionally, there is a commitment to recognizing the state of Palestine, contingent on the Israeli government's actions towards peace and humanitarian conditions in Gaza. The Parliament emphasizes the need for a two-state solution where both states can coexist safely and securely [70494, 78473, 62311, 35714, 45298].",,,,0
cli_single_timeaware_evo_20260104_200540.json,2026-01-04 20:05:40,What is the current official position of the British Parliament regarding the State of Israel?,single,semantic,dense,10,timeaware,True,False,729,"The current official position of the British Parliament regarding the State of Israel includes a recognition of the state of Palestine, which was announced by the Prime Minister on 21 September. This recognition is aimed at supporting the viability of a two-state solution and fostering lasting peace. The UK Government has condemned actions by Israel that violate international law and has suspended arms sales to Israel in response to these actions. Additionally, there is a focus on ensuring that UK trade policy does not undermine the prospect of Palestinian statehood, particularly concerning trade with Israeli settlements in occupied territories [british:debates2025-10-28.txt [28133,28598]; [29271,29791]; [78473,79277]].",,,,0
cli_single_timeaware_evo_20260104_200351.json,2026-01-04 20:03:51,What is the current official position of the US Congress regarding the State of Israel?,single,fixed,bm25,3,timeaware,True,True,43,I don't know based on the retrieved chunks.,,,,0
cli_single_timeaware_evo_20260104_200351.json,2026-01-04 20:03:51,What is the current official position of the US Congress regarding the State of Israel?,single,fixed,bm25,5,timeaware,True,True,43,I don't know based on the retrieved chunks.,,,,0
cli_single_timeaware_evo_20260104_200351.json,2026-01-04 20:03:51,What is the current official position of the US Congress regarding the State of Israel?,single,fixed,bm25,10,timeaware,True,True,43,I don't know based on the retrieved chunks.,,,,0
cli_single_timeaware_evo_20260104_200351.json,2026-01-04 20:03:51,What is the current official position of the US Congress regarding the State of Israel?,single,fixed,dense,3,timeaware,True,True,43,I don't know based on the retrieved chunks.,,,,0
cli_single_timeaware_evo_20260104_200351.json,2026-01-04 20:03:51,What is the current official position of the US Congress regarding the State of Israel?,single,fixed,dense,5,timeaware,True,False,676,"The current official position of the US Congress regarding the State of Israel emphasizes a strong and special relationship between the United States and Israel, highlighting them as close democratic allies. This relationship is underscored by military support, as evidenced by the deployment of aircraft carriers to deter threats against Israel. Additionally, there is a recognition of the challenges Israel faces, particularly in light of recent events impacting its security and survival. The Congress also expresses a commitment to the release of hostages held by Hamas, reflecting a focus on humanitarian concerns alongside security interests [source: us:2025-05-05.txt].",,,,0
cli_single_timeaware_evo_20260104_200351.json,2026-01-04 20:03:51,What is the current official position of the US Congress regarding the State of Israel?,single,fixed,dense,10,timeaware,True,True,43,I don't know based on the retrieved chunks.,,,,0
cli_single_timeaware_evo_20260104_200351.json,2026-01-04 20:03:51,What is the current official position of the US Congress regarding the State of Israel?,single,semantic,bm25,3,timeaware,True,True,43,I don't know based on the retrieved chunks.,,,,0
cli_single_timeaware_evo_20260104_200351.json,2026-01-04 20:03:51,What is the current official position of the US Congress regarding the State of Israel?,single,semantic,bm25,5,timeaware,True,True,43,I don't know based on the retrieved chunks.,,,,0
cli_single_timeaware_evo_20260104_200351.json,2026-01-04 20:03:51,What is the current official position of the US Congress regarding the State of Israel?,single,semantic,bm25,10,timeaware,True,True,43,I don't know based on the retrieved chunks.,,,,0
cli_single_timeaware_evo_20260104_200351.json,2026-01-04 20:03:51,What is the current official position of the US Congress regarding the State of Israel?,single,semantic,dense,3,timeaware,True,False,571,"The current official position of the US Congress regarding the State of Israel emphasizes a strong support for Israel, particularly in the context of condemning Hamas for its attacks and affirming the special relationship between the U.S. and Israel as close democratic allies. Congress has condemned Hamas for its actions and has called for the immediate release of hostages taken during the attacks on October 7, 2023. Additionally, there is a recognition of the military support and readiness to stand by Israel in times of need [us:2025-06-02.txt; us:2025-05-05.txt].",,,,0
cli_single_timeaware_evo_20260104_200351.json,2026-01-04 20:03:51,What is the current official position of the US Congress regarding the State of Israel?,single,semantic,dense,5,timeaware,True,False,521,"The current official position of the US Congress regarding the State of Israel emphasizes a strong support for Israel as a close democratic ally. This is reflected in the recognition of the special relationship between the U.S. and Israel, as well as in recent actions such as condemning Hamas for its attacks on Israel and demanding the release of hostages. Congress has also been involved in legislative measures that reinforce security assistance and oversight related to Israel [us:2025-05-05.txt; us:2025-06-02.txt].",,,,0
cli_single_timeaware_evo_20260104_200351.json,2026-01-04 20:03:51,What is the current official position of the US Congress regarding the State of Israel?,single,semantic,dense,10,timeaware,True,False,488,"The current official position of the US Congress regarding the State of Israel emphasizes a strong support for Israel, particularly in the context of recent events. For instance, Congress condemned Hamas for its attacks on Israel and demanded the immediate release of hostages taken by Hamas [source: us:2025-06-02.txt]. Additionally, there is a recognition of the special relationship between the U.S. and Israel, highlighting them as close democratic allies [source: us:2025-05-05.txt].",,,,0
cli_single_timeaware_evo_20260104_201529.json,2026-01-04 20:15:29,What is the current stance of Congress on climate change legislation?,single,fixed,bm25,3,timeaware,True,False,798,"The current stance of Congress on climate change legislation is not explicitly detailed in the provided context. However, it is evident that there is a significant division regarding climate action, particularly highlighted by the mention of the Climate Change Act 2008, which has been a point of contention. Some members express strong support for maintaining and enhancing climate policies, emphasizing the importance of scientific evidence and the economic benefits of a net zero approach, while others appear to oppose such measures, viewing them as detrimental to economic growth and investment [british:debates2025-10-14.txt]. 

Overall, the context suggests that there is ongoing debate and division within Congress regarding the effectiveness and implications of climate change legislation.",,,,0
cli_single_timeaware_evo_20260104_201529.json,2026-01-04 20:15:29,What is the current stance of Congress on climate change legislation?,single,fixed,bm25,5,timeaware,True,True,763,"The current stance of Congress on climate change legislation is not explicitly detailed in the provided context. However, there is a strong emphasis on the importance of climate action and the need for bipartisan support in addressing climate and nature crises. The UK government, as mentioned in the context, is committed to achieving net zero by 2050 and has made significant investments in clean energy and climate initiatives. The discussions highlight a collective responsibility across political parties to address climate issues, suggesting a recognition of the urgency and importance of climate legislation, though specific Congressional actions or positions are not outlined in the retrieved chunks. Therefore, I don't know based on the retrieved chunks.",,,,0
cli_single_timeaware_evo_20260104_201529.json,2026-01-04 20:15:29,What is the current stance of Congress on climate change legislation?,single,fixed,bm25,10,timeaware,True,True,43,I don't know based on the retrieved chunks.,,,,0
cli_single_timeaware_evo_20260104_201529.json,2026-01-04 20:15:29,What is the current stance of Congress on climate change legislation?,single,fixed,dense,3,timeaware,True,False,715,"The current stance of Congress on climate change legislation appears to be one of support for action, as indicated by discussions around the UK's leadership role in tackling climate change and the importance of scientific evidence in shaping net zero policies. There is a recognition that climate action is essential for economic growth and future generations, with references to the Climate Change Act and its role in driving investment and confidence in sustainable growth. However, there are also criticisms regarding the economic implications of certain policies, such as the carbon tax on electricity, suggesting a divide in opinions on the best approach to climate legislation [british:debates2025-10-14.txt].",,,,0
cli_single_timeaware_evo_20260104_201529.json,2026-01-04 20:15:29,What is the current stance of Congress on climate change legislation?,single,fixed,dense,5,timeaware,True,False,686,"The current stance of Congress on climate change legislation appears to be one of support for action, as indicated by discussions around the UK's leadership in climate initiatives and the importance of the Climate Change Act. There is a recognition that climate action is essential for economic interests and future generations. The government emphasizes the need for cooperation with other countries and the importance of scientific evidence in shaping policies. However, there are also criticisms regarding the economic implications of certain climate policies, suggesting a divide in opinions on how to approach climate change legislation effectively [british:debates2025-10-14.txt].",,,,0
cli_single_timeaware_evo_20260104_201529.json,2026-01-04 20:15:29,What is the current stance of Congress on climate change legislation?,single,fixed,dense,10,timeaware,True,False,1105,"The current stance of Congress on climate change legislation appears to be divided. The Republican majority is advancing legislation that critics argue would raise energy costs and cut funding for clean energy initiatives, such as a significant reduction in energy efficiency and renewable energy programs. This has raised concerns among Democrats, who argue that these cuts will harm job growth in the clean energy sector and undermine efforts to address the climate crisis. For instance, the House Appropriations Committee passed a bill that includes a 47 percent cut to renewable energy programs, which Democrats oppose, citing the need for investment in clean energy to remain competitive globally [us:2025-09-08.txt [0,4815]]. 

In contrast, there are voices within Congress advocating for strong climate action and investment in clean energy, emphasizing the economic benefits and the necessity of addressing climate change for future generations [british:debates2025-10-14.txt [34835,38600]]. Overall, the debate reflects a significant partisan divide on how to approach climate change legislation.",,,,0
cli_single_timeaware_evo_20260104_201529.json,2026-01-04 20:15:29,What is the current stance of Congress on climate change legislation?,single,semantic,bm25,3,timeaware,True,True,43,I don't know based on the retrieved chunks.,,,,0
cli_single_timeaware_evo_20260104_201529.json,2026-01-04 20:15:29,What is the current stance of Congress on climate change legislation?,single,semantic,bm25,5,timeaware,True,False,404,"The current stance of Congress, particularly the Republican majority, on climate change legislation is to advance measures that are criticized for potentially raising energy costs for American households and businesses, making the country less competitive, and weakening national security. This indicates a lack of support for investing in solutions to the climate crisis [us:2025-09-08.txt [1145,1583]].",,,,0
cli_single_timeaware_evo_20260104_201529.json,2026-01-04 20:15:29,What is the current stance of Congress on climate change legislation?,single,semantic,bm25,10,timeaware,True,False,414,"The current stance of Congress on climate change legislation appears to be one of opposition, particularly from the Republican majority. They are advancing legislation that is criticized for potentially raising energy costs for households and businesses, making the country less competitive, and weakening national security, rather than investing in solutions to the climate crisis [us:2025-09-08.txt [1145,1583]].",,,,0
cli_single_timeaware_evo_20260104_201529.json,2026-01-04 20:15:29,What is the current stance of Congress on climate change legislation?,single,semantic,dense,3,timeaware,True,True,43,I don't know based on the retrieved chunks.,,,,0
cli_single_timeaware_evo_20260104_201529.json,2026-01-04 20:15:29,What is the current stance of Congress on climate change legislation?,single,semantic,dense,5,timeaware,True,True,43,I don't know based on the retrieved chunks.,,,,0
cli_single_timeaware_evo_20260104_201529.json,2026-01-04 20:15:29,What is the current stance of Congress on climate change legislation?,single,semantic,dense,10,timeaware,True,False,520,"The current stance of Congress on climate change legislation appears to be divided. The Republican majority is advancing legislation that critics argue would raise energy costs and weaken national security, rather than investing in solutions to the climate crisis. In contrast, there are efforts to amend existing laws and reauthorize programs aimed at reducing emissions and addressing environmental issues, indicating some level of legislative activity related to climate change [us:2025-09-08.txt; us:2025-10-27.txt].",,,,0
cli_single_timeaware_evo_20260104_201729.json,2026-01-04 20:17:29,What is the current stance of Parliament on climate change legislation?,single,fixed,bm25,3,timeaware,True,False,786,"The current stance of Parliament on climate change legislation is supportive of maintaining and enhancing the Climate Change Act, which mandates net zero emissions by 2050. The government emphasizes that this legislation is crucial for attracting investment and ensuring economic growth through a low-carbon future. There is a recognition that the Climate Change Act has been instrumental in fostering confidence among investors and that any attempts to abolish it would be detrimental to jobs and investment opportunities. Additionally, the government is committed to aligning infrastructure projects, such as the expansion of Heathrow airport, with legal and environmental climate commitments, including net zero targets [british:debates2025-10-14.txt][british:debates2025-10-22.txt].",,,,0
cli_single_timeaware_evo_20260104_201729.json,2026-01-04 20:17:29,What is the current stance of Parliament on climate change legislation?,single,fixed,bm25,5,timeaware,True,False,875,"The current stance of Parliament on climate change legislation is supportive of maintaining and enhancing existing frameworks, such as the Climate Change Act 2008, which is seen as essential for driving investment and ensuring the UK meets its net zero targets by 2050. The government emphasizes the importance of scientific evidence in shaping its climate policies and acknowledges the economic opportunities presented by the transition to a net zero economy. There is a clear commitment to align infrastructure projects, like the expansion of Heathrow airport, with legal and environmental climate commitments. The government also recognizes the urgency of addressing climate change and its impacts, stating that action is necessary to protect future generations and the economy [british:debates2025-10-14.txt; british:debates2025-10-22.txt; british:debates2025-07-14.txt].",,,,0
cli_single_timeaware_evo_20260104_201729.json,2026-01-04 20:17:29,What is the current stance of Parliament on climate change legislation?,single,fixed,bm25,10,timeaware,True,False,944,"The current stance of Parliament on climate change legislation is one of strong support for ambitious climate action, particularly in relation to achieving net zero by 2050. The Government emphasizes that this commitment is based on scientific evidence and is crucial for limiting global warming to 1.5°C. The Climate Change Act 2008 is highlighted as a foundational piece of legislation that has fostered investment in the UK and is seen as essential for economic growth and job creation in the renewable energy sector. There is a recognition that the Climate Change Act has become a divisive issue within Parliament, with some advocating for its abolition, which is viewed as detrimental to jobs and investment. The Government is committed to maintaining its climate obligations while also pursuing economic growth, indicating that these goals are not seen as mutually exclusive [british:debates2025-10-14.txt; british:debates2025-10-22.txt].",,,,0
cli_single_timeaware_evo_20260104_201729.json,2026-01-04 20:17:29,What is the current stance of Parliament on climate change legislation?,single,fixed,dense,3,timeaware,True,False,919,"The current stance of Parliament on climate change legislation emphasizes the importance of taking action to address climate change, with a focus on achieving net zero emissions by 2050. The government supports this goal based on scientific evidence and recognizes the economic benefits of transitioning to a low-carbon economy. There is a commitment to using the best scientific evidence to inform policies, and the Climate Change Act 2008 is seen as a crucial framework for investment in sustainable growth. However, there are also discussions about the challenges faced by local authorities in achieving net zero due to financial constraints, and the need for private finance to support climate action in developing countries is acknowledged. Overall, there is a call for continued leadership from the UK on the global stage, particularly with the upcoming COP30 conference in Brazil [british:debates2025-10-14.txt].",,,,0
cli_single_timeaware_evo_20260104_201729.json,2026-01-04 20:17:29,What is the current stance of Parliament on climate change legislation?,single,fixed,dense,5,timeaware,True,False,833,"The current stance of Parliament on climate change legislation emphasizes the importance of taking action to address climate change, with a focus on achieving net zero by 2050. The UK government is committed to using scientific evidence to support its net zero policies, as highlighted by the Climate Change Act 2008, which has been a significant framework for investment in the UK. There is a recognition that the UK must play a leading role on the world stage, particularly with the upcoming COP30 in Brazil, and that collaboration with other countries is essential to tackle the climate crisis. The government is also working on initiatives to support local authorities in their net zero transitions and is focused on ensuring that low and middle-income families benefit from the energy transition [british:debates2025-10-14.txt].",,,,0
cli_single_timeaware_evo_20260104_201729.json,2026-01-04 20:17:29,What is the current stance of Parliament on climate change legislation?,single,fixed,dense,10,timeaware,True,False,948,"The current stance of Parliament on climate change legislation emphasizes the importance of taking action to address climate change, with a focus on achieving net zero emissions by 2050. The UK government has shown leadership in this area, having established the Climate Change Act 2008 and committed to legally binding emissions targets. There is a recognition that climate action is not only necessary for environmental reasons but also for economic growth and job creation. The government is actively working on initiatives to support local authorities in their net zero transitions and is preparing to present a new carbon budget growth and delivery plan. However, there are divisions within Parliament regarding the approach to climate policies, with some members expressing concerns about the economic implications of these measures and the need for bipartisan support to effectively tackle the climate crisis [british:debates2025-10-14.txt].",,,,0
cli_single_timeaware_evo_20260104_201729.json,2026-01-04 20:17:29,What is the current stance of Parliament on climate change legislation?,single,semantic,bm25,3,timeaware,True,False,600,"The current stance of Parliament on climate change legislation is one of commitment to reaching net zero for the whole economy by 2050, as outlined in the Climate Change Act 2008. The Government has reiterated its dedication to meeting these climate change obligations and has emphasized that any airport expansion proposals must align with the UK's legally binding climate change commitments. Additionally, the UK has taken a leadership role internationally, with efforts to cooperate with other countries to address the climate crisis and protect future generations [british:debates2025-10-22.txt].",,,,0
cli_single_timeaware_evo_20260104_201729.json,2026-01-04 20:17:29,What is the current stance of Parliament on climate change legislation?,single,semantic,bm25,5,timeaware,True,False,706,"The current stance of Parliament on climate change legislation is one of commitment to reaching net zero for the whole economy by 2050, as outlined in the Climate Change Act 2008. The Government has reiterated its dedication to meeting its climate change obligations and has emphasized the importance of demonstrating that any airport expansion proposals align with the UK's legally binding climate commitments. Additionally, there is recognition of the need for both the private and public sectors to contribute to climate action, and there is strong public support for local initiatives addressing climate change [british:debates2025-10-22.txt [85722,86370]; british:debates2025-07-15.txt [43172,43827]].",,,,0
cli_single_timeaware_evo_20260104_201729.json,2026-01-04 20:17:29,What is the current stance of Parliament on climate change legislation?,single,semantic,bm25,10,timeaware,True,False,859,"The current stance of Parliament on climate change legislation is one of commitment to the Climate Change Act 2008 and the goal of reaching net zero emissions by 2050. The Government has reiterated its dedication to meeting its climate obligations and has emphasized the importance of scientific evidence in shaping its net zero policies. However, there are divisions within Parliament regarding the Climate Change Act, with some members expressing a desire to scrap it, which could lead to judicial reviews affecting infrastructure projects like airport expansions. Overall, there is a recognition of the need for cooperation and action to address climate change, but also significant debate about the best approach to take [british:debates2025-10-22.txt [85722,86370]; british:debates2025-10-14.txt [37658,38271]; british:debates2025-10-14.txt [1370,1532]].",,,,0
cli_single_timeaware_evo_20260104_201729.json,2026-01-04 20:17:29,What is the current stance of Parliament on climate change legislation?,single,semantic,dense,3,timeaware,True,False,755,"The current stance of Parliament on climate change legislation appears to be divided. There is recognition of the effectiveness of the Climate Change Act 2008 and the work of the Committee on Climate Change, with hopes for re-establishing consensus on climate issues. However, there are also criticisms regarding the Act, with some members arguing that it imposes rigid, legally binding emissions targets that have led to higher energy bills and a loss of competitiveness, suggesting that repealing the Act may be a sensible course of action. This indicates a significant split in opinion within Parliament on the matter [british:debates2025-10-14.txt [37658,38271], [british:debates2025-10-14.txt [3501,4011], [british:debates2025-10-14.txt [1370,1532]].",,,,0
cli_single_timeaware_evo_20260104_201729.json,2026-01-04 20:17:29,What is the current stance of Parliament on climate change legislation?,single,semantic,dense,5,timeaware,True,False,976,"The current stance of Parliament on climate change legislation appears to be divided. There are discussions about the effectiveness of the Climate Change Act 2008, with some members expressing pride in its establishment and the work of the Committee on Climate Change, while others criticize it for contributing to higher energy bills and the loss of British industry. There are calls from some members to repeal the Act, arguing that it imposes rigid, legally binding emissions targets that negatively impact the economy. Additionally, there are concerns that without backing to scrap the Act, infrastructure projects like the Heathrow expansion will face significant delays due to legal challenges. Overall, the issue of climate change legislation is a contentious topic within Parliament, with differing opinions on its impact and future direction [british:debates2025-10-14.txt; british:debates2025-10-22.txt; british:debates2025-10-14.txt; british:debates2025-10-14.txt].",,,,0
cli_single_timeaware_evo_20260104_201729.json,2026-01-04 20:17:29,What is the current stance of Parliament on climate change legislation?,single,semantic,dense,10,timeaware,True,False,799,"The current stance of Parliament on climate change legislation appears to be divided. There is recognition of the importance of the Climate Change Act 2008, which has been influential both domestically and internationally, with the UK being seen as a leader in climate policy. However, there are also calls from some members to repeal the Act, citing concerns over its economic impact, such as higher energy bills and loss of industry competitiveness. The debate reflects a split in opinion, with some advocating for continued commitment to climate goals and others pushing for a reconsideration of existing legislation due to its perceived negative consequences [british:debates2025-10-14.txt [37658,38271]; [british:debates2025-10-22.txt [75100,75666]; [british:debates2025-10-14.txt [1370,1532]].",,,,0
cli_single_timeaware_evo_20260104_193736.json,2026-01-04 19:37:36,What was the specific budget allocated to defence in 2024 in the British Parliament?,single,fixed,bm25,3,timeaware,True,False,272,"The specific budget allocated to defence in 2024 in the British Parliament is expected to amount to £55.6 billion, which is about 2.3% of GDP. This represents a 1.8% increase in real terms compared to previous spending levels [british:debates2024-03-11.txt [62799,66427]].",,,,0
cli_single_timeaware_evo_20260104_193736.json,2026-01-04 19:37:36,What was the specific budget allocated to defence in 2024 in the British Parliament?,single,fixed,bm25,5,timeaware,True,False,272,"The specific budget allocated to defence in 2024 in the British Parliament is expected to amount to £55.6 billion, which is about 2.3% of GDP. This represents a 1.8% increase in real terms compared to previous spending levels [british:debates2024-03-11.txt [62799,66427]].",,,,0
cli_single_timeaware_evo_20260104_193736.json,2026-01-04 19:37:36,What was the specific budget allocated to defence in 2024 in the British Parliament?,single,fixed,bm25,10,timeaware,True,False,500,"The specific budget allocated to defence in 2024 in the British Parliament is expected to amount to £55.6 billion, which is about 2.3% of GDP. This represents a 1.8% increase in real terms compared to the previous year. However, it was noted that the defence budget will be cut by £2.5 billion in cash terms in the next financial year, and the Defence Secretary had previously called for an increase to 2.5% of GDP, which was not reflected in the Budget [british:debates2024-03-11.txt [62799,66427]].",,,,0
cli_single_timeaware_evo_20260104_193736.json,2026-01-04 19:37:36,What was the specific budget allocated to defence in 2024 in the British Parliament?,single,fixed,dense,3,timeaware,True,False,272,"The specific budget allocated to defence in 2024 in the British Parliament is expected to amount to £55.6 billion, which is about 2.3% of GDP. This represents a 1.8% increase in real terms compared to previous spending levels [british:debates2024-03-11.txt [62799,66427]].",,,,0
cli_single_timeaware_evo_20260104_193736.json,2026-01-04 19:37:36,What was the specific budget allocated to defence in 2024 in the British Parliament?,single,fixed,dense,5,timeaware,True,False,281,"The specific budget allocated to defence in 2024 in the British Parliament is expected to be around £55.6 billion, which amounts to approximately 2.3% of GDP. This represents a 1.8% increase in real terms compared to the previous year [british:debates2024-03-11.txt [76376,80089]].",,,,0
cli_single_timeaware_evo_20260104_193736.json,2026-01-04 19:37:36,What was the specific budget allocated to defence in 2024 in the British Parliament?,single,fixed,dense,10,timeaware,True,False,472,"The specific budget allocated to defence in 2024 in the British Parliament is approximately £55.6 billion, which is about 2.3% of GDP. This represents a 1.8% increase in real terms compared to previous spending levels. However, the government has committed to increasing defence spending to 2.5% of GDP by 2030, which will involve an additional £75 billion over the next six years [british:debates2024-03-11.txt [76376,80089]; british:debates2024-04-24.txt [59386,63327]].",,,,0
cli_single_timeaware_evo_20260104_193736.json,2026-01-04 19:37:36,What was the specific budget allocated to defence in 2024 in the British Parliament?,single,semantic,bm25,3,timeaware,True,True,43,I don't know based on the retrieved chunks.,,,,0
cli_single_timeaware_evo_20260104_193736.json,2026-01-04 19:37:36,What was the specific budget allocated to defence in 2024 in the British Parliament?,single,semantic,bm25,5,timeaware,True,True,43,I don't know based on the retrieved chunks.,,,,0
cli_single_timeaware_evo_20260104_193736.json,2026-01-04 19:37:36,What was the specific budget allocated to defence in 2024 in the British Parliament?,single,semantic,bm25,10,timeaware,True,False,186,"The specific budget allocated to defence in 2024 was a £2.9 billion increase in the Ministry of Defence budget, as mentioned in the context [british:debates2024-12-11.txt [49310,49632]].",,,,0
cli_single_timeaware_evo_20260104_193736.json,2026-01-04 19:37:36,What was the specific budget allocated to defence in 2024 in the British Parliament?,single,semantic,dense,3,timeaware,True,False,312,"The specific budget allocated to defence in 2024 in the British Parliament is a total increase in the Ministry of Defence’s budget of £2.9 billion, ensuring that the UK exceeds its NATO commitments and providing guaranteed military support to Ukraine of £3 billion per year for as long as it takes [91142,91786].",,,,0
cli_single_timeaware_evo_20260104_193736.json,2026-01-04 19:37:36,What was the specific budget allocated to defence in 2024 in the British Parliament?,single,semantic,dense,5,timeaware,True,False,352,"The specific budget allocated to defence in 2024 in the British Parliament includes a total increase in the Ministry of Defence’s budget of £2.9 billion, ensuring that the UK exceeds its NATO commitments. Additionally, there is a commitment to provide guaranteed military support to Ukraine of £3 billion per year for as long as it takes [91142,91786].",,,,0
cli_single_timeaware_evo_20260104_193736.json,2026-01-04 19:37:36,What was the specific budget allocated to defence in 2024 in the British Parliament?,single,semantic,dense,10,timeaware,True,False,367,"The specific budget allocated to defence in 2024 in the British Parliament includes a total increase in the Ministry of Defence’s budget of £2.9 billion for that year, ensuring that the UK exceeds its NATO commitments. Additionally, there is a commitment to provide guaranteed military support to Ukraine of £3 billion per year for as long as necessary [91142,91786].",,,,0
cli_single_timeaware_evo_20260104_193609.json,2026-01-04 19:36:09,What was the specific budget allocated to security in 2024 in the US Congress?,single,fixed,bm25,3,timeaware,True,True,43,I don't know based on the retrieved chunks.,,,,0
cli_single_timeaware_evo_20260104_193609.json,2026-01-04 19:36:09,What was the specific budget allocated to security in 2024 in the US Congress?,single,fixed,bm25,5,timeaware,True,True,43,I don't know based on the retrieved chunks.,,,,0
cli_single_timeaware_evo_20260104_193609.json,2026-01-04 19:36:09,What was the specific budget allocated to security in 2024 in the US Congress?,single,fixed,bm25,10,timeaware,True,True,43,I don't know based on the retrieved chunks.,,,,0
cli_single_timeaware_evo_20260104_193609.json,2026-01-04 19:36:09,What was the specific budget allocated to security in 2024 in the US Congress?,single,fixed,dense,3,timeaware,True,True,43,I don't know based on the retrieved chunks.,,,,0
cli_single_timeaware_evo_20260104_193609.json,2026-01-04 19:36:09,What was the specific budget allocated to security in 2024 in the US Congress?,single,fixed,dense,5,timeaware,True,True,43,I don't know based on the retrieved chunks.,,,,0
cli_single_timeaware_evo_20260104_193609.json,2026-01-04 19:36:09,What was the specific budget allocated to security in 2024 in the US Congress?,single,fixed,dense,10,timeaware,True,True,43,I don't know based on the retrieved chunks.,,,,0
cli_single_timeaware_evo_20260104_193609.json,2026-01-04 19:36:09,What was the specific budget allocated to security in 2024 in the US Congress?,single,semantic,bm25,3,timeaware,True,True,43,I don't know based on the retrieved chunks.,,,,0
cli_single_timeaware_evo_20260104_193609.json,2026-01-04 19:36:09,What was the specific budget allocated to security in 2024 in the US Congress?,single,semantic,bm25,5,timeaware,True,True,43,I don't know based on the retrieved chunks.,,,,0
cli_single_timeaware_evo_20260104_193609.json,2026-01-04 19:36:09,What was the specific budget allocated to security in 2024 in the US Congress?,single,semantic,bm25,10,timeaware,True,False,289,"The specific budget allocated to security in 2024 by the US Congress was nearly $2.5 billion toward defense innovation, which includes rapid procurement and fielding of promising defense technologies through the Defense Innovation Unit, among other initiatives [source: us:2024-12-09.txt].",,,,0
cli_single_timeaware_evo_20260104_193609.json,2026-01-04 19:36:09,What was the specific budget allocated to security in 2024 in the US Congress?,single,semantic,dense,3,timeaware,True,True,43,I don't know based on the retrieved chunks.,,,,0
cli_single_timeaware_evo_20260104_193609.json,2026-01-04 19:36:09,What was the specific budget allocated to security in 2024 in the US Congress?,single,semantic,dense,5,timeaware,True,True,43,I don't know based on the retrieved chunks.,,,,0
cli_single_timeaware_evo_20260104_193609.json,2026-01-04 19:36:09,What was the specific budget allocated to security in 2024 in the US Congress?,single,semantic,dense,10,timeaware,True,True,43,I don't know based on the retrieved chunks.,,,,0
cli_single_timeaware_evo_20260104_210544.json,2026-01-04 21:05:44,Who is the Minister of Defense/Secretary of Defense?,single,fixed,bm25,3,timeaware,True,True,43,I don't know based on the retrieved chunks.,,,,0
cli_single_timeaware_evo_20260104_210544.json,2026-01-04 21:05:44,Who is the Minister of Defense/Secretary of Defense?,single,fixed,bm25,5,timeaware,True,True,43,I don't know based on the retrieved chunks.,,,,0
cli_single_timeaware_evo_20260104_210544.json,2026-01-04 21:05:44,Who is the Minister of Defense/Secretary of Defense?,single,fixed,bm25,10,timeaware,True,True,43,I don't know based on the retrieved chunks.,,,,0
cli_single_timeaware_evo_20260104_210544.json,2026-01-04 21:05:44,Who is the Minister of Defense/Secretary of Defense?,single,fixed,dense,3,timeaware,True,True,43,I don't know based on the retrieved chunks.,,,,0
cli_single_timeaware_evo_20260104_210544.json,2026-01-04 21:05:44,Who is the Minister of Defense/Secretary of Defense?,single,fixed,dense,5,timeaware,True,True,43,I don't know based on the retrieved chunks.,,,,0
cli_single_timeaware_evo_20260104_210544.json,2026-01-04 21:05:44,Who is the Minister of Defense/Secretary of Defense?,single,fixed,dense,10,timeaware,True,True,43,I don't know based on the retrieved chunks.,,,,0
cli_single_timeaware_evo_20260104_210544.json,2026-01-04 21:05:44,Who is the Minister of Defense/Secretary of Defense?,single,semantic,bm25,3,timeaware,True,True,43,I don't know based on the retrieved chunks.,,,,0
cli_single_timeaware_evo_20260104_210544.json,2026-01-04 21:05:44,Who is the Minister of Defense/Secretary of Defense?,single,semantic,bm25,5,timeaware,True,True,43,I don't know based on the retrieved chunks.,,,,0
cli_single_timeaware_evo_20260104_210544.json,2026-01-04 21:05:44,Who is the Minister of Defense/Secretary of Defense?,single,semantic,bm25,10,timeaware,True,True,43,I don't know based on the retrieved chunks.,,,,0
cli_single_timeaware_evo_20260104_210544.json,2026-01-04 21:05:44,Who is the Minister of Defense/Secretary of Defense?,single,semantic,dense,3,timeaware,True,True,43,I don't know based on the retrieved chunks.,,,,0
cli_single_timeaware_evo_20260104_210544.json,2026-01-04 21:05:44,Who is the Minister of Defense/Secretary of Defense?,single,semantic,dense,5,timeaware,True,True,43,I don't know based on the retrieved chunks.,,,,0
cli_single_timeaware_evo_20260104_210544.json,2026-01-04 21:05:44,Who is the Minister of Defense/Secretary of Defense?,single,semantic,dense,10,timeaware,True,True,43,I don't know based on the retrieved chunks.,,,,0
cli_single_timeaware_evo_20260104_210807.json,2026-01-04 21:08:07,Who is the president of united states right now?,single,fixed,bm25,3,timeaware,True,True,43,I don't know based on the retrieved chunks.,,,,0
cli_single_timeaware_evo_20260104_210807.json,2026-01-04 21:08:07,Who is the president of united states right now?,single,fixed,bm25,5,timeaware,True,True,43,I don't know based on the retrieved chunks.,,,,0
cli_single_timeaware_evo_20260104_210807.json,2026-01-04 21:08:07,Who is the president of united states right now?,single,fixed,bm25,10,timeaware,True,True,43,I don't know based on the retrieved chunks.,,,,0
cli_single_timeaware_evo_20260104_210807.json,2026-01-04 21:08:07,Who is the president of united states right now?,single,fixed,dense,3,timeaware,True,True,43,I don't know based on the retrieved chunks.,,,,0
cli_single_timeaware_evo_20260104_210807.json,2026-01-04 21:08:07,Who is the president of united states right now?,single,fixed,dense,5,timeaware,True,True,43,I don't know based on the retrieved chunks.,,,,0
cli_single_timeaware_evo_20260104_210807.json,2026-01-04 21:08:07,Who is the president of united states right now?,single,fixed,dense,10,timeaware,True,True,43,I don't know based on the retrieved chunks.,,,,0
cli_single_timeaware_evo_20260104_210807.json,2026-01-04 21:08:07,Who is the president of united states right now?,single,semantic,bm25,3,timeaware,True,True,43,I don't know based on the retrieved chunks.,,,,0
cli_single_timeaware_evo_20260104_210807.json,2026-01-04 21:08:07,Who is the president of united states right now?,single,semantic,bm25,5,timeaware,True,True,43,I don't know based on the retrieved chunks.,,,,0
cli_single_timeaware_evo_20260104_210807.json,2026-01-04 21:08:07,Who is the president of united states right now?,single,semantic,bm25,10,timeaware,True,True,43,I don't know based on the retrieved chunks.,,,,0
cli_single_timeaware_evo_20260104_210807.json,2026-01-04 21:08:07,Who is the president of united states right now?,single,semantic,dense,3,timeaware,True,False,94,The current president of the United States is President Trump [british:debates2025-10-28.txt].,,,,0
cli_single_timeaware_evo_20260104_210807.json,2026-01-04 21:08:07,Who is the president of united states right now?,single,semantic,dense,5,timeaware,True,False,94,The current president of the United States is President Trump. [british:debates2025-10-28.txt],,,,0
cli_single_timeaware_evo_20260104_210807.json,2026-01-04 21:08:07,Who is the president of united states right now?,single,semantic,dense,10,timeaware,True,False,94,The current president of the United States is President Trump [british:debates2025-10-28.txt].,,,,0
